NAME,DP03_0025E,DP03_0021PE,DP03_0062E,DP03_0128PE,DP03_0009PE,DP03_0024PE,state,county,tract,Borough,CensusTract
"Census Tract 30.02, New York County, New York",29.6,59.5,50625,18.7,3.9,3.1,36,061,003002,Manhattan,36061003002
"Census Tract 63, New York County, New York",25.6,57.2,113284,4.0,5.8,5.9,36,061,006300,Manhattan,36061006300
"Census Tract 178, New York County, New York",36.5,69.8,32896,24.6,7.6,4.0,36,061,017800,Manhattan,36061017800
"Census Tract 188, New York County, New York",34.0,71.6,29146,29.7,12.5,1.2,36,061,018800,Manhattan,36061018800
"Census Tract 203, New York County, New York",22.2,35.4,36667,26.6,6.7,10.2,36,061,020300,Manhattan,36061020300
"Census Tract 139, New York County, New York",30.0,56.2,91952,7.3,5.7,10.4,36,061,013900,Manhattan,36061013900
"Census Tract 145, New York County, New York",25.4,50.9,161685,4.4,4.7,10.7,36,061,014500,Manhattan,36061014500
"Census Tract 147, New York County, New York",24.5,48.5,137328,3.0,3.8,5.7,36,061,014700,Manhattan,36061014700
"Census Tract 64, New York County, New York",25.0,56.2,96090,8.6,4.3,6.6,36,061,006400,Manhattan,36061006400
"Census Tract 65, New York County, New York",22.7,59.6,97718,12.3,3.4,6.1,36,061,006500,Manhattan,36061006500
"Census Tract 297, New York County, New York",-666666666.0,-666666666.0,-666666666,-666666666.0,-666666666.0,-666666666.0,36,061,029700,Manhattan,36061029700
"Census Tract 197.02, New York County, New York",31.2,67.7,63135,25.7,5.5,15.6,36,061,019702,Manhattan,36061019702
"Census Tract 351, Bronx County, New York",45.2,43.2,71913,17.1,14.1,7.5,36,005,035100,Bronx,36005035100
"Census Tract 367, Bronx County, New York",40.3,61.2,23720,49.8,15.4,2.4,36,005,036700,Bronx,36005036700
"Census Tract 381, Bronx County, New York",45.4,65.0,25891,34.3,19.5,7.2,36,005,038100,Bronx,36005038100
"Census Tract 388, Bronx County, New York",42.6,45.3,51298,20.5,24.5,1.5,36,005,038800,Bronx,36005038800
"Census Tract 397, Bronx County, New York",29.1,36.3,21228,51.0,9.2,10.1,36,005,039700,Bronx,36005039700
"Census Tract 399.01, Bronx County, New York",45.5,72.8,22747,47.4,18.1,6.2,36,005,039901,Bronx,36005039901
"Census Tract 409, Bronx County, New York",47.4,71.4,46278,17.1,13.8,0.0,36,005,040900,Bronx,36005040900
"Census Tract 420, Bronx County, New York",47.2,66.5,28125,25.2,10.5,0.6,36,005,042000,Bronx,36005042000
"Census Tract 424, Bronx County, New York",56.4,55.1,57716,14.3,10.1,3.2,36,005,042400,Bronx,36005042400
"Census Tract 435, Bronx County, New York",-999999999.0,100.0,42750,0.0,0.0,0.0,36,005,043500,Bronx,36005043500
"Census Tract 428, Bronx County, New York",41.7,36.3,63017,9.3,7.8,5.5,36,005,042800,Bronx,36005042800
"Census Tract 411, Bronx County, New York",37.6,61.5,41047,21.4,14.1,0.0,36,005,041100,Bronx,36005041100
"Census Tract 413, Bronx County, New York",40.8,65.3,38796,21.9,13.8,1.8,36,005,041300,Bronx,36005041300
"Census Tract 419, Bronx County, New York",48.8,71.1,45127,20.6,11.6,0.5,36,005,041900,Bronx,36005041900
"Census Tract 515, Queens County, New York",39.4,42.4,69560,10.2,4.2,1.4,36,081,051500,Queens,36081051500
"Census Tract 516, Queens County, New York",47.8,43.3,54620,9.3,22.7,0.0,36,081,051600,Queens,36081051600
"Census Tract 526, Queens County, New York",54.8,51.7,60729,24.6,17.3,0.0,36,081,052600,Queens,36081052600
"Census Tract 554, Queens County, New York",48.1,50.5,63542,8.9,6.6,0.0,36,081,055400,Queens,36081055400
"Census Tract 532, Queens County, New York",49.7,33.1,86950,4.9,17.2,0.7,36,081,053200,Queens,36081053200
"Census Tract 538, Queens County, New York",46.2,39.8,74844,6.6,9.7,1.9,36,081,053800,Queens,36081053800
"Census Tract 547, Queens County, New York",44.4,68.5,53465,26.4,4.1,6.1,36,081,054700,Queens,36081054700
"Census Tract 557, Queens County, New York",38.8,56.3,42147,20.6,9.3,1.0,36,081,055700,Queens,36081055700
"Census Tract 558, Queens County, New York",39.1,42.4,81600,5.1,8.3,0.0,36,081,055800,Queens,36081055800
"Census Tract 559, Queens County, New York",36.6,72.5,60625,26.6,11.5,0.0,36,081,055900,Queens,36081055900
"Census Tract 561, Queens County, New York",35.3,40.0,112188,0.0,0.0,0.0,36,081,056100,Queens,36081056100
"Census Tract 277, Bronx County, New York",36.5,64.5,33095,33.5,14.6,1.7,36,005,027700,Bronx,36005027700
"Census Tract 285, Bronx County, New York",42.1,54.9,54232,17.1,5.7,2.9,36,005,028500,Bronx,36005028500
"Census Tract 286, Bronx County, New York",30.6,32.4,61563,21.6,9.8,1.9,36,005,028600,Bronx,36005028600
"Census Tract 289, Bronx County, New York",41.9,54.9,47361,13.4,11.1,6.0,36,005,028900,Bronx,36005028900
"Census Tract 312, Bronx County, New York",34.5,33.7,62275,4.0,10.4,2.9,36,005,031200,Bronx,36005031200
"Census Tract 189, Bronx County, New York",38.7,52.7,21180,44.1,16.7,5.3,36,005,018900,Bronx,36005018900
"Census Tract 199, Bronx County, New York",39.2,72.1,24914,38.1,13.4,1.6,36,005,019900,Bronx,36005019900
"Census Tract 202, Bronx County, New York",45.7,59.6,38487,25.9,7.0,2.5,36,005,020200,Bronx,36005020200
"Census Tract 206.01, Bronx County, New York",51.2,69.3,76429,16.1,17.2,3.2,36,005,020601,Bronx,36005020601
"Census Tract 211, Bronx County, New York",38.5,60.5,23724,47.7,19.1,4.2,36,005,021100,Bronx,36005021100
"Census Tract 212, Bronx County, New York",40.1,66.1,51443,13.7,14.7,1.7,36,005,021200,Bronx,36005021200
"Census Tract 216.01, Bronx County, New York",46.0,69.4,25847,42.9,19.0,3.2,36,005,021601,Bronx,36005021601
"Census Tract 256, Bronx County, New York",42.5,49.9,37236,27.9,29.1,2.7,36,005,025600,Bronx,36005025600
"Census Tract 227.03, Bronx County, New York",33.4,62.4,45673,27.1,7.7,0.0,36,005,022703,Bronx,36005022703
"Census Tract 237.02, Bronx County, New York",46.0,78.2,32500,35.1,13.8,2.3,36,005,023702,Bronx,36005023702
"Census Tract 240, Bronx County, New York",41.0,62.1,34705,27.9,16.0,2.2,36,005,024000,Bronx,36005024000
"Census Tract 263, Bronx County, New York",45.6,67.3,32663,34.4,13.2,9.3,36,005,026300,Bronx,36005026300
"Census Tract 265, Bronx County, New York",43.3,65.3,31147,32.3,13.0,6.8,36,005,026500,Bronx,36005026500
"Census Tract 281, Bronx County, New York",48.7,58.1,61886,7.6,14.8,3.5,36,005,028100,Bronx,36005028100
"Census Tract 283, Bronx County, New York",38.2,50.6,24759,32.5,12.5,2.9,36,005,028300,Bronx,36005028300
"Census Tract 314, Bronx County, New York",39.7,41.1,83393,5.7,7.7,1.3,36,005,031400,Bronx,36005031400
"Census Tract 328, Bronx County, New York",36.1,52.1,30089,31.7,15.4,1.3,36,005,032800,Bronx,36005032800
"Census Tract 374, Bronx County, New York",43.7,63.9,25974,39.4,18.6,3.6,36,005,037400,Bronx,36005037400
"Census Tract 382, Bronx County, New York",40.3,48.0,46953,22.2,20.0,0.7,36,005,038200,Bronx,36005038200
"Census Tract 23, Bronx County, New York",42.7,74.5,14479,54.2,18.9,4.1,36,005,002300,Bronx,36005002300
"Census Tract 39, Bronx County, New York",42.9,83.6,25990,30.2,9.3,4.8,36,005,003900,Bronx,36005003900
"Census Tract 54, Bronx County, New York",41.3,67.9,27380,41.7,8.9,3.9,36,005,005400,Bronx,36005005400
"Census Tract 62, Bronx County, New York",41.6,66.7,24480,34.7,11.4,7.1,36,005,006200,Bronx,36005006200
"Census Tract 68, Bronx County, New York",42.9,58.5,47232,22.5,12.5,1.1,36,005,006800,Bronx,36005006800
"Census Tract 71, Bronx County, New York",44.4,68.3,38289,28.8,16.5,1.4,36,005,007100,Bronx,36005007100
"Census Tract 86, Bronx County, New York",46.2,61.7,23045,39.1,9.4,0.6,36,005,008600,Bronx,36005008600
"Census Tract 87, Bronx County, New York",44.5,70.7,29188,30.4,8.3,6.0,36,005,008700,Bronx,36005008700
"Census Tract 110, Bronx County, New York",-999999999.0,44.2,-888888888,20.9,12.8,13.7,36,005,011000,Bronx,36005011000
"Census Tract 1181, Queens County, New York",43.0,44.2,66484,11.0,8.7,2.4,36,081,118100,Queens,36081118100
"Census Tract 1205, Queens County, New York",38.7,33.0,24583,28.6,4.6,5.9,36,081,120500,Queens,36081120500
"Census Tract 1265, Queens County, New York",33.9,29.3,43750,18.8,14.2,4.5,36,081,126500,Queens,36081126500
"Census Tract 1267, Queens County, New York",34.8,31.7,72434,14.9,13.7,7.9,36,081,126700,Queens,36081126700
"Census Tract 1339, Queens County, New York",46.0,33.9,101731,10.3,12.1,5.5,36,081,133900,Queens,36081133900
"Census Tract 1463, Queens County, New York",37.2,25.8,79297,9.9,8.0,3.0,36,081,146300,Queens,36081146300
"Census Tract 1, Queens County, New York",30.7,78.5,127807,11.4,3.5,3.2,36,081,000100,Queens,36081000100
"Census Tract 10, Queens County, New York",46.3,56.0,61900,12.4,9.6,2.3,36,081,001000,Queens,36081001000
"Census Tract 32, Queens County, New York",43.3,55.6,69583,14.4,13.7,1.8,36,081,003200,Queens,36081003200
"Census Tract 1571.01, Queens County, New York",43.3,24.2,82004,10.6,5.8,3.2,36,081,157101,Queens,36081157101
"Census Tract 1507.02, Queens County, New York",42.1,27.8,68301,10.1,4.6,5.0,36,081,150702,Queens,36081150702
"Census Tract 1551.01, Queens County, New York",31.4,3.2,58894,2.2,2.3,5.6,36,081,155101,Queens,36081155101
"Census Tract 1571.02, Queens County, New York",38.9,25.1,68846,15.2,12.0,2.3,36,081,157102,Queens,36081157102
"Census Tract 293.01, Bronx County, New York",37.6,41.7,102045,10.4,10.8,9.0,36,005,029301,Bronx,36005029301
"Census Tract 293.02, Bronx County, New York",46.3,38.0,94695,1.4,6.3,6.6,36,005,029302,Bronx,36005029302
"Census Tract 309, Bronx County, New York",45.9,40.8,87238,3.1,5.5,10.3,36,005,030900,Bronx,36005030900
"Census Tract 326, Bronx County, New York",39.8,35.1,56429,6.5,10.7,1.2,36,005,032600,Bronx,36005032600
"Census Tract 332.01, Bronx County, New York",44.4,61.6,43038,22.3,14.8,3.7,36,005,033201,Bronx,36005033201
"Census Tract 307.01, Bronx County, New York",42.8,38.1,80846,7.8,4.4,8.5,36,005,030701,Bronx,36005030701
"Census Tract 332.02, Bronx County, New York",42.1,54.5,40638,23.1,17.3,0.3,36,005,033202,Bronx,36005033202
"Census Tract 335, Bronx County, New York",39.2,43.0,86983,6.5,8.4,7.9,36,005,033500,Bronx,36005033500
"Census Tract 337, Bronx County, New York",43.0,34.4,83917,5.8,8.0,6.0,36,005,033700,Bronx,36005033700
"Census Tract 348, Bronx County, New York",52.5,60.6,36156,21.8,17.7,4.8,36,005,034800,Bronx,36005034800
"Census Tract 360, Bronx County, New York",40.6,41.8,65938,7.9,15.3,0.0,36,005,036000,Bronx,36005036000
"Census Tract 375.04, Bronx County, New York",42.1,60.8,15707,51.7,19.2,5.0,36,005,037504,Bronx,36005037504
"Census Tract 383.01, Bronx County, New York",43.5,61.0,26295,39.9,16.2,6.3,36,005,038301,Bronx,36005038301
"Census Tract 383.02, Bronx County, New York",52.2,79.6,22917,49.3,18.9,2.9,36,005,038302,Bronx,36005038302
"Census Tract 395, Bronx County, New York",45.4,57.8,25702,34.7,12.7,5.5,36,005,039500,Bronx,36005039500
"Census Tract 403.03, Bronx County, New York",46.8,75.2,40731,34.9,13.7,2.8,36,005,040303,Bronx,36005040303
"Census Tract 39, Queens County, New York",41.5,62.7,41287,36.5,20.9,4.4,36,081,003900,Queens,36081003900
"Census Tract 43, Queens County, New York",44.5,73.8,18594,41.9,24.5,4.2,36,081,004300,Queens,36081004300
"Census Tract 51, Queens County, New York",33.8,65.4,46217,28.8,16.8,2.1,36,081,005100,Queens,36081005100
"Census Tract 864, Kings County, New York",40.3,63.7,42794,14.4,19.7,3.1,36,047,086400,Brooklyn,36047086400
"Census Tract 866, Kings County, New York",44.7,60.7,46438,12.5,7.4,2.9,36,047,086600,Brooklyn,36047086600
"Census Tract 876, Kings County, New York",46.4,58.5,40109,15.4,5.2,3.3,36,047,087600,Brooklyn,36047087600
"Census Tract 13, Kings County, New York",32.2,65.5,111500,35.0,3.3,6.1,36,047,001300,Brooklyn,36047001300
"Census Tract 20, Kings County, New York",46.0,70.1,61023,21.1,4.1,2.6,36,047,002000,Brooklyn,36047002000
"Census Tract 36, Kings County, New York",45.6,67.7,74449,8.4,7.2,2.0,36,047,003600,Brooklyn,36047003600
"Census Tract 39, Kings County, New York",36.0,73.4,102981,8.7,7.4,9.0,36,047,003900,Brooklyn,36047003900
"Census Tract 75, Kings County, New York",32.2,66.7,135697,4.1,6.8,12.2,36,047,007500,Brooklyn,36047007500
"Census Tract 76, Kings County, New York",41.7,68.8,32996,37.7,12.1,1.8,36,047,007600,Brooklyn,36047007600
"Census Tract 84, Kings County, New York",37.1,67.8,49274,30.2,7.1,2.0,36,047,008400,Brooklyn,36047008400
"Census Tract 998, Kings County, New York",48.2,44.6,72143,10.3,6.8,0.7,36,047,099800,Brooklyn,36047099800
"Census Tract 1022, Kings County, New York",52.8,47.9,57143,13.3,7.9,1.7,36,047,102200,Brooklyn,36047102200
"Census Tract 1028, Kings County, New York",52.4,50.6,62216,10.3,13.5,0.0,36,047,102800,Brooklyn,36047102800
"Census Tract 1110, Kings County, New York",52.7,75.2,16716,46.1,22.2,0.0,36,047,111000,Brooklyn,36047111000
"Census Tract 1122, Kings County, New York",58.1,85.6,30987,33.4,6.5,1.0,36,047,112200,Brooklyn,36047112200
"Census Tract 1126, Kings County, New York",44.6,61.5,40323,30.7,17.8,0.0,36,047,112600,Brooklyn,36047112600
"Census Tract 1146, Kings County, New York",44.5,62.3,30101,32.6,12.0,0.5,36,047,114600,Brooklyn,36047114600
"Census Tract 1152, Kings County, New York",46.0,69.1,32500,35.9,8.5,2.4,36,047,115200,Brooklyn,36047115200
"Census Tract 266, Kings County, New York",47.6,58.1,50580,10.2,12.2,3.2,36,047,026600,Brooklyn,36047026600
"Census Tract 268, Kings County, New York",45.5,55.6,44548,21.9,9.9,3.2,36,047,026800,Brooklyn,36047026800
"Census Tract 280, Kings County, New York",52.2,52.6,56974,14.9,13.6,2.1,36,047,028000,Brooklyn,36047028000
"Census Tract 294, Kings County, New York",46.8,70.6,53625,22.4,11.4,1.6,36,047,029400,Brooklyn,36047029400
"Census Tract 333, Kings County, New York",30.9,44.2,44608,15.2,9.1,2.0,36,047,033300,Brooklyn,36047033300
"Census Tract 360.02, Kings County, New York",50.3,58.8,18738,39.4,12.0,7.5,36,047,036002,Brooklyn,36047036002
"Census Tract 383, Kings County, New York",42.9,72.9,48712,15.4,9.2,2.5,36,047,038300,Brooklyn,36047038300
"Census Tract 385, Kings County, New York",41.4,63.8,39141,29.4,17.6,4.1,36,047,038500,Brooklyn,36047038500
"Census Tract 390, Kings County, New York",43.7,41.6,45682,19.9,3.8,4.4,36,047,039000,Brooklyn,36047039000
"Census Tract 411, Kings County, New York",44.2,64.7,35068,28.9,10.0,2.6,36,047,041100,Brooklyn,36047041100
"Census Tract 420, Kings County, New York",35.1,39.0,42969,21.5,7.0,4.7,36,047,042000,Brooklyn,36047042000
"Census Tract 820, Kings County, New York",46.8,78.4,36472,22.5,14.0,1.8,36,047,082000,Brooklyn,36047082000
"Census Tract 702.03, Kings County, New York",-666666666.0,-666666666.0,-666666666,-666666666.0,-666666666.0,-666666666.0,36,047,070203,Brooklyn,36047070203
"Census Tract 194, Queens County, New York",45.0,41.9,71204,8.0,13.1,0.3,36,081,019400,Queens,36081019400
"Census Tract 199, Queens County, New York",34.3,53.4,58281,16.0,3.4,0.0,36,081,019900,Queens,36081019900
"Census Tract 579, Queens County, New York",40.2,64.4,53542,9.8,4.9,1.7,36,081,057900,Queens,36081057900
"Census Tract 589, Queens County, New York",36.7,70.3,38152,26.8,9.4,3.0,36,081,058900,Queens,36081058900
"Census Tract 596, Queens County, New York",49.6,36.8,74583,1.7,10.5,1.2,36,081,059600,Queens,36081059600
"Census Tract 603, Queens County, New York",41.6,55.0,75313,6.3,7.6,1.5,36,081,060300,Queens,36081060300
"Census Tract 659, Queens County, New York",35.6,28.4,90227,7.3,5.2,3.7,36,081,065900,Queens,36081065900
"Census Tract 679, Queens County, New York",40.5,48.8,44861,13.2,7.0,2.6,36,081,067900,Queens,36081067900
"Census Tract 697.01, Queens County, New York",42.7,69.7,55023,14.8,13.2,1.4,36,081,069701,Queens,36081069701
"Census Tract 98, Queens County, New York",52.9,65.0,50114,21.9,16.9,1.7,36,081,009800,Queens,36081009800
"Census Tract 1047, Queens County, New York",37.6,29.7,52264,6.4,7.2,1.9,36,081,104700,Queens,36081104700
"Census Tract 235.02, Bronx County, New York",40.7,75.0,21582,41.8,17.1,6.0,36,005,023502,Bronx,36005023502
"Census Tract 461, Queens County, New York",42.8,67.7,44757,24.6,7.1,0.8,36,081,046100,Queens,36081046100
"Census Tract 464, Queens County, New York",45.5,58.7,95250,10.6,7.9,5.9,36,081,046400,Queens,36081046400
"Census Tract 492, Queens County, New York",44.1,39.6,54432,6.8,7.8,0.0,36,081,049200,Queens,36081049200
"Census Tract 513, Queens County, New York",41.8,50.0,55281,6.4,5.2,1.0,36,081,051300,Queens,36081051300
"Census Tract 678, Kings County, New York",48.4,51.8,81847,5.3,12.3,0.0,36,047,067800,Brooklyn,36047067800
"Census Tract 702.02, Kings County, New York",-999999999.0,75.0,-666666666,0.0,0.0,0.0,36,047,070202,Brooklyn,36047070202
"Census Tract 726, Kings County, New York",43.4,46.9,82961,4.2,14.1,1.7,36,047,072600,Brooklyn,36047072600
"Census Tract 738, Kings County, New York",42.4,43.2,55714,17.6,6.3,3.8,36,047,073800,Brooklyn,36047073800
"Census Tract 776, Kings County, New York",42.9,71.1,62529,6.5,8.7,3.5,36,047,077600,Brooklyn,36047077600
"Census Tract 802, Kings County, New York",42.8,72.6,41607,22.3,13.2,5.3,36,047,080200,Brooklyn,36047080200
"Census Tract 810, Kings County, New York",44.0,72.6,40698,24.6,11.4,6.9,36,047,081000,Brooklyn,36047081000
"Census Tract 814, Kings County, New York",46.4,69.0,48415,24.1,15.6,1.3,36,047,081400,Brooklyn,36047081400
"Census Tract 852, Kings County, New York",-999999999.0,0.0,-666666666,0.0,0.0,0.0,36,047,085200,Brooklyn,36047085200
"Census Tract 1, Kings County, New York",32.7,63.9,70938,15.2,4.1,15.6,36,047,000100,Brooklyn,36047000100
"Census Tract 3.01, Kings County, New York",31.3,73.4,101544,18.2,3.0,4.6,36,047,000301,Brooklyn,36047000301
"Census Tract 49, Kings County, New York",34.6,68.7,116950,2.0,0.9,5.1,36,047,004900,Brooklyn,36047004900
"Census Tract 50, Kings County, New York",43.9,40.6,90608,3.9,7.0,3.3,36,047,005000,Brooklyn,36047005000
"Census Tract 60, Kings County, New York",43.1,66.9,64286,18.4,13.6,2.6,36,047,006000,Brooklyn,36047006000
"Census Tract 67, Kings County, New York",37.1,61.4,145294,3.7,9.3,7.3,36,047,006700,Brooklyn,36047006700
"Census Tract 114, Kings County, New York",31.5,33.9,42402,34.0,3.3,3.2,36,047,011400,Brooklyn,36047011400
"Census Tract 118, Kings County, New York",40.4,59.9,31447,30.9,6.9,2.2,36,047,011800,Brooklyn,36047011800
"Census Tract 127, Kings County, New York",38.2,78.0,51397,22.6,7.7,3.0,36,047,012700,Brooklyn,36047012700
"Census Tract 133, Kings County, New York",36.0,67.1,144293,4.0,4.3,10.7,36,047,013300,Brooklyn,36047013300
"Census Tract 155, Kings County, New York",37.6,61.0,128611,4.7,5.0,10.3,36,047,015500,Brooklyn,36047015500
"Census Tract 171, Kings County, New York",40.2,64.7,108384,3.8,7.4,11.9,36,047,017100,Brooklyn,36047017100
"Census Tract 174, Kings County, New York",49.4,46.0,72692,6.4,4.9,3.5,36,047,017400,Brooklyn,36047017400
"Census Tract 183, Kings County, New York",36.1,71.8,93625,7.7,9.1,6.8,36,047,018300,Brooklyn,36047018300
"Census Tract 220, Kings County, New York",35.8,45.8,30861,43.8,5.4,2.2,36,047,022000,Brooklyn,36047022000
"Census Tract 221, Kings County, New York",43.0,75.2,37140,26.3,12.4,3.0,36,047,022100,Brooklyn,36047022100
"Census Tract 224, Kings County, New York",38.7,40.1,37271,42.5,2.3,7.1,36,047,022400,Brooklyn,36047022400
"Census Tract 231, Kings County, New York",39.8,64.4,77039,19.0,11.8,6.1,36,047,023100,Brooklyn,36047023100
"Census Tract 236, Kings County, New York",25.5,19.0,24240,45.4,5.4,5.8,36,047,023600,Brooklyn,36047023600
"Census Tract 247, Kings County, New York",36.5,75.9,42308,20.1,12.4,3.2,36,047,024700,Brooklyn,36047024700
"Census Tract 706, Kings County, New York",31.8,20.4,85515,0.7,8.1,3.9,36,047,070600,Brooklyn,36047070600
"Census Tract 800, Kings County, New York",44.7,66.7,55833,19.1,11.8,10.0,36,047,080000,Brooklyn,36047080000
"Census Tract 848, Kings County, New York",44.2,59.1,52232,18.9,12.4,1.9,36,047,084800,Brooklyn,36047084800
"Census Tract 860, Kings County, New York",43.2,63.5,42270,23.2,9.7,1.7,36,047,086000,Brooklyn,36047086000
"Census Tract 872, Kings County, New York",43.8,64.6,42891,15.3,12.9,0.7,36,047,087200,Brooklyn,36047087200
"Census Tract 191, New York County, New York",31.4,70.0,83188,10.2,5.0,5.7,36,061,019100,Manhattan,36061019100
"Census Tract 197.01, New York County, New York",31.2,70.3,72000,36.9,8.1,8.6,36,061,019701,Manhattan,36061019701
"Census Tract 206, New York County, New York",33.0,71.3,39468,25.1,8.2,4.7,36,061,020600,Manhattan,36061020600
"Census Tract 218, New York County, New York",34.4,75.6,47155,39.0,12.5,6.9,36,061,021800,Manhattan,36061021800
"Census Tract 75, Queens County, New York",38.0,76.9,67969,13.7,5.9,4.7,36,081,007500,Queens,36081007500
"Census Tract 262, Queens County, New York",49.9,56.7,64464,20.4,13.7,0.0,36,081,026200,Queens,36081026200
"Census Tract 593, Queens County, New York",40.7,60.9,52641,12.0,9.7,1.8,36,081,059300,Queens,36081059300
"Census Tract 598, Queens County, New York",48.5,29.2,83021,5.7,2.8,3.9,36,081,059800,Queens,36081059800
"Census Tract 600, Queens County, New York",49.7,31.7,87708,3.5,4.1,3.7,36,081,060000,Queens,36081060000
"Census Tract 616.01, Queens County, New York",50.1,33.8,97679,3.7,6.2,5.1,36,081,061601,Queens,36081061601
"Census Tract 620, Queens County, New York",47.6,36.1,91538,2.2,8.6,0.0,36,081,062000,Queens,36081062000
"Census Tract 625, Queens County, New York",35.2,39.2,62263,5.1,6.5,5.1,36,081,062500,Queens,36081062500
"Census Tract 635, Queens County, New York",38.9,37.6,70750,5.4,10.7,2.4,36,081,063500,Queens,36081063500
"Census Tract 656, Queens County, New York",51.0,43.4,63156,10.7,9.1,2.5,36,081,065600,Queens,36081065600
"Census Tract 660, Queens County, New York",49.6,39.7,93906,5.4,6.5,0.5,36,081,066000,Queens,36081066000
"Census Tract 683, Queens County, New York",42.6,63.3,63021,19.4,6.7,5.1,36,081,068300,Queens,36081068300
"Census Tract 716, Queens County, New York",-666666666.0,-666666666.0,-666666666,-666666666.0,-666666666.0,-666666666.0,36,081,071600,Queens,36081071600
"Census Tract 70, Kings County, New York",37.4,53.3,42218,13.7,10.0,1.9,36,047,007000,Brooklyn,36047007000
"Census Tract 106, Kings County, New York",47.4,52.2,37531,41.9,8.8,1.0,36,047,010600,Brooklyn,36047010600
"Census Tract 357, Kings County, New York",43.2,78.3,21227,55.1,15.1,1.7,36,047,035700,Brooklyn,36047035700
"Census Tract 900, Kings County, New York",41.2,69.4,27716,37.4,8.6,0.6,36,047,090000,Brooklyn,36047090000
"Census Tract 996, Kings County, New York",52.3,51.3,64375,9.9,14.5,0.0,36,047,099600,Brooklyn,36047099600
"Census Tract 612, Kings County, New York",30.5,41.0,63333,12.2,7.8,0.0,36,047,061200,Brooklyn,36047061200
"Census Tract 445, Kings County, New York",42.5,67.7,42894,28.7,7.3,6.5,36,047,044500,Brooklyn,36047044500
"Census Tract 472, Kings County, New York",30.3,22.0,51159,23.9,5.1,11.8,36,047,047200,Brooklyn,36047047200
"Census Tract 544, Kings County, New York",31.5,35.8,44453,23.7,6.5,1.0,36,047,054400,Brooklyn,36047054400
"Census Tract 682, Kings County, New York",41.8,55.5,78875,4.1,8.3,1.6,36,047,068200,Brooklyn,36047068200
"Census Tract 806, Kings County, New York",37.9,58.7,39194,28.8,9.8,2.4,36,047,080600,Brooklyn,36047080600
"Census Tract 854, Kings County, New York",39.8,59.3,39819,8.1,9.7,0.0,36,047,085400,Brooklyn,36047085400
"Census Tract 910, Kings County, New York",70.5,84.9,10746,67.3,29.3,0.0,36,047,091000,Brooklyn,36047091000
"Census Tract 170, Kings County, New York",46.4,55.1,72875,18.0,9.1,0.5,36,047,017000,Brooklyn,36047017000
"Census Tract 571, Kings County, New York",38.2,66.3,58553,9.5,4.2,2.1,36,047,057100,Brooklyn,36047057100
"Census Tract 700, Kings County, New York",37.2,25.4,66250,7.1,8.7,6.8,36,047,070000,Brooklyn,36047070000
"Census Tract 758, Kings County, New York",38.0,46.0,84044,7.0,10.7,2.8,36,047,075800,Brooklyn,36047075800
"Census Tract 840, Kings County, New York",45.9,59.5,51331,6.9,9.3,2.7,36,047,084000,Brooklyn,36047084000
"Census Tract 147, Kings County, New York",45.7,67.6,81181,14.4,3.7,7.8,36,047,014700,Brooklyn,36047014700
"Census Tract 213, Kings County, New York",42.5,67.8,38750,24.8,20.6,10.7,36,047,021300,Brooklyn,36047021300
"Census Tract 246, Kings County, New York",37.0,49.8,45417,25.5,8.3,1.8,36,047,024600,Brooklyn,36047024600
"Census Tract 301, Kings County, New York",40.3,59.7,44911,23.4,18.5,1.6,36,047,030100,Brooklyn,36047030100
"Census Tract 330, Kings County, New York",55.1,68.7,23007,41.3,27.7,0.0,36,047,033000,Brooklyn,36047033000
"Census Tract 212, Kings County, New York",53.9,62.5,35330,27.5,7.1,1.9,36,047,021200,Brooklyn,36047021200
"Census Tract 263, Kings County, New York",41.3,63.5,39861,22.9,11.1,4.7,36,047,026300,Brooklyn,36047026300
"Census Tract 279, Kings County, New York",46.5,68.6,57869,14.0,12.8,3.6,36,047,027900,Brooklyn,36047027900
"Census Tract 286, Kings County, New York",53.4,64.6,43828,23.9,4.2,0.0,36,047,028600,Brooklyn,36047028600
"Census Tract 371, Kings County, New York",41.4,64.8,46641,23.5,11.7,0.0,36,047,037100,Brooklyn,36047037100
"Census Tract 379, Kings County, New York",43.5,74.3,40412,30.8,11.5,1.2,36,047,037900,Brooklyn,36047037900
"Census Tract 240, Queens County, New York",45.2,73.2,39856,24.8,18.5,0.7,36,081,024000,Queens,36081024000
"Census Tract 246, Queens County, New York",-666666666.0,-666666666.0,-666666666,-666666666.0,-666666666.0,-666666666.0,36,081,024600,Queens,36081024600
"Census Tract 578, Kings County, New York",41.8,61.2,37953,23.4,3.1,3.7,36,047,057800,Brooklyn,36047057800
"Census Tract 590, Kings County, New York",39.3,54.2,49792,16.6,8.1,1.3,36,047,059000,Brooklyn,36047059000
"Census Tract 616, Kings County, New York",43.1,27.9,103000,17.0,3.9,16.5,36,047,061600,Brooklyn,36047061600
"Census Tract 656, Kings County, New York",38.4,34.1,82250,8.2,6.2,3.7,36,047,065600,Brooklyn,36047065600
"Census Tract 672, Kings County, New York",47.6,53.7,63571,18.3,12.3,0.7,36,047,067200,Brooklyn,36047067200
"Census Tract 702.01, Kings County, New York",38.0,21.9,59655,6.8,10.1,2.6,36,047,070201,Brooklyn,36047070201
"Census Tract 730, Kings County, New York",49.7,52.7,93462,4.6,13.5,4.3,36,047,073000,Brooklyn,36047073000
"Census Tract 299, Kings County, New York",40.7,65.0,22734,47.2,16.4,7.2,36,047,029900,Brooklyn,36047029900
"Census Tract 311, Kings County, New York",40.7,79.6,41683,29.4,9.8,2.3,36,047,031100,Brooklyn,36047031100
"Census Tract 314, Kings County, New York",43.0,51.3,40486,20.7,8.6,1.0,36,047,031400,Brooklyn,36047031400
"Census Tract 443, Kings County, New York",38.5,72.6,56657,21.4,7.7,2.6,36,047,044300,Brooklyn,36047044300
"Census Tract 446, Kings County, New York",45.7,61.5,47031,17.6,11.8,1.2,36,047,044600,Brooklyn,36047044600
"Census Tract 453, Kings County, New York",37.2,70.6,55536,43.0,18.6,6.8,36,047,045300,Brooklyn,36047045300
"Census Tract 488, Kings County, New York",41.5,66.5,52000,25.1,7.4,4.0,36,047,048800,Brooklyn,36047048800
"Census Tract 491, Kings County, New York",39.0,77.7,32813,18.2,7.8,1.0,36,047,049100,Brooklyn,36047049100
"Census Tract 496, Kings County, New York",47.6,68.9,57477,12.7,7.8,2.5,36,047,049600,Brooklyn,36047049600
"Census Tract 205, Queens County, New York",38.6,52.9,56250,17.8,4.7,2.4,36,081,020500,Queens,36081020500
"Census Tract 107.01, Queens County, New York",-666666666.0,-666666666.0,-666666666,-666666666.0,-666666666.0,-666666666.0,36,081,010701,Queens,36081010701
"Census Tract 123.01, Queens County, New York",40.5,58.0,84026,6.7,8.8,4.5,36,081,012301,Queens,36081012301
"Census Tract 253.01, Queens County, New York",37.4,80.4,51302,13.1,12.4,2.0,36,081,025301,Queens,36081025301
"Census Tract 253.02, Queens County, New York",37.6,74.0,56676,18.8,0.4,0.4,36,081,025302,Queens,36081025302
"Census Tract 254, Queens County, New York",46.7,55.7,32741,26.4,22.7,0.0,36,081,025400,Queens,36081025400
"Census Tract 269.01, Queens County, New York",40.7,82.7,46900,18.5,6.1,2.1,36,081,026901,Queens,36081026901
"Census Tract 269.02, Queens County, New York",43.2,79.7,47024,22.1,4.8,3.4,36,081,026902,Queens,36081026902
"Census Tract 9, New York County, New York",26.1,51.9,147500,6.0,2.8,10.4,36,061,000900,Manhattan,36061000900
"Census Tract 251, Bronx County, New York",40.9,72.9,28615,34.6,10.0,0.0,36,005,025100,Bronx,36005025100
"Census Tract 255, Bronx County, New York",42.1,67.9,19458,50.3,17.2,3.4,36,005,025500,Bronx,36005025500
"Census Tract 264, Bronx County, New York",37.7,34.0,72019,14.2,9.1,3.8,36,005,026400,Bronx,36005026400
"Census Tract 336, Bronx County, New York",39.4,53.4,26071,31.6,13.0,0.6,36,005,033600,Bronx,36005033600
"Census Tract 343, Bronx County, New York",43.2,42.7,71780,11.8,8.3,3.9,36,005,034300,Bronx,36005034300
"Census Tract 20, Bronx County, New York",46.0,68.2,18086,53.2,17.2,0.0,36,005,002000,Bronx,36005002000
"Census Tract 37, Bronx County, New York",33.0,79.2,-888888888,43.5,11.1,0.0,36,005,003700,Bronx,36005003700
"Census Tract 69, Bronx County, New York",38.3,63.8,19741,44.0,16.7,4.9,36,005,006900,Bronx,36005006900
"Census Tract 526, Kings County, New York",44.2,74.8,60159,15.1,8.0,4.8,36,047,052600,Brooklyn,36047052600
"Census Tract 535, Kings County, New York",18.6,13.7,20044,61.9,5.1,5.1,36,047,053500,Brooklyn,36047053500
"Census Tract 549, Kings County, New York",31.1,51.3,68043,25.8,6.3,13.1,36,047,054900,Brooklyn,36047054900
"Census Tract 552, Kings County, New York",45.8,73.2,41850,20.1,10.3,1.3,36,047,055200,Brooklyn,36047055200
"Census Tract 591, Kings County, New York",38.1,64.5,76532,10.0,6.1,6.0,36,047,059100,Brooklyn,36047059100
"Census Tract 36.01, New York County, New York",23.9,53.1,44286,32.9,14.8,5.3,36,061,003601,Manhattan,36061003601
"Census Tract 45, New York County, New York",24.1,53.9,139079,3.8,3.3,17.3,36,061,004500,Manhattan,36061004500
"Census Tract 55.02, New York County, New York",27.5,61.0,138523,12.8,4.4,6.7,36,061,005502,Manhattan,36061005502
"Census Tract 56, New York County, New York",25.3,68.2,115521,19.6,11.4,5.9,36,061,005600,Manhattan,36061005600
"Census Tract 62, New York County, New York",24.8,40.1,82102,36.9,7.4,3.8,36,061,006200,Manhattan,36061006200
"Census Tract 77, New York County, New York",22.8,54.9,127729,3.5,4.2,8.7,36,061,007700,Manhattan,36061007700
"Census Tract 80, New York County, New York",23.6,32.2,110242,10.5,4.9,12.4,36,061,008000,Manhattan,36061008000
"Census Tract 90, New York County, New York",26.8,37.0,119196,8.9,2.2,8.4,36,061,009000,Manhattan,36061009000
"Census Tract 92, New York County, New York",25.5,37.2,122379,5.4,1.7,7.4,36,061,009200,Manhattan,36061009200
"Census Tract 381, Kings County, New York",39.0,61.6,27885,30.6,14.7,1.4,36,047,038100,Brooklyn,36047038100
"Census Tract 404, Kings County, New York",45.5,55.4,39947,14.9,12.6,3.6,36,047,040400,Brooklyn,36047040400
"Census Tract 276, Kings County, New York",46.9,64.8,46194,26.5,9.9,5.3,36,047,027600,Brooklyn,36047027600
"Census Tract 386, Kings County, New York",39.2,52.0,44766,20.0,9.2,2.3,36,047,038600,Brooklyn,36047038600
"Census Tract 430, Kings County, New York",41.3,71.2,34729,22.4,11.0,3.4,36,047,043000,Brooklyn,36047043000
"Census Tract 486, Kings County, New York",39.2,61.5,44489,25.4,4.1,4.0,36,047,048600,Brooklyn,36047048600
"Census Tract 528, Kings County, New York",48.4,58.6,88068,9.7,3.4,6.2,36,047,052800,Brooklyn,36047052800
"Census Tract 550, Kings County, New York",43.4,55.8,42993,25.8,5.3,7.3,36,047,055000,Brooklyn,36047055000
"Census Tract 589, Kings County, New York",37.1,68.0,82311,4.6,5.8,6.5,36,047,058900,Brooklyn,36047058900
"Census Tract 283, New York County, New York",46.4,68.9,49612,12.3,6.1,4.6,36,061,028300,Manhattan,36061028300
"Census Tract 291, New York County, New York",45.0,66.3,28743,28.9,21.1,3.4,36,061,029100,Manhattan,36061029100
"Census Tract 295, New York County, New York",42.0,65.3,65160,14.7,13.1,9.5,36,061,029500,Manhattan,36061029500
"Census Tract 255, New York County, New York",29.7,49.4,50228,28.8,11.7,11.8,36,061,025500,Manhattan,36061025500
"Census Tract 222, New York County, New York",36.4,80.3,32361,42.8,6.8,4.9,36,061,022200,Manhattan,36061022200
"Census Tract 220.01, Queens County, New York",44.4,63.7,61867,9.2,12.8,0.0,36,081,022001,Queens,36081022001
"Census Tract 243, Queens County, New York",37.8,55.2,62071,9.5,5.1,0.3,36,081,024300,Queens,36081024300
"Census Tract 270, Queens County, New York",47.1,50.6,46250,29.3,16.1,1.2,36,081,027000,Queens,36081027000
"Census Tract 278, Queens County, New York",43.1,59.7,38147,24.7,18.4,2.2,36,081,027800,Queens,36081027800
"Census Tract 281, Queens County, New York",42.4,73.4,47998,9.6,6.2,1.4,36,081,028100,Queens,36081028100
"Census Tract 334.01, Queens County, New York",50.9,47.3,69320,10.8,13.1,1.3,36,081,033401,Queens,36081033401
"Census Tract 347, Queens County, New York",36.0,39.3,47614,12.6,15.3,3.5,36,081,034700,Queens,36081034700
"Census Tract 376, Queens County, New York",45.5,38.8,72198,5.6,11.4,2.9,36,081,037600,Queens,36081037600
"Census Tract 399, Queens County, New York",44.6,79.5,46362,19.9,6.7,0.0,36,081,039900,Queens,36081039900
"Census Tract 404, Queens County, New York",46.5,50.8,53417,15.2,14.9,1.8,36,081,040400,Queens,36081040400
"Census Tract 439, Queens County, New York",43.2,57.2,41088,34.4,7.2,0.9,36,081,043900,Queens,36081043900
"Census Tract 456, Queens County, New York",45.9,56.7,61950,15.5,16.0,1.5,36,081,045600,Queens,36081045600
"Census Tract 458, Queens County, New York",44.8,54.8,54000,13.2,8.4,0.0,36,081,045800,Queens,36081045800
"Census Tract 467, Queens County, New York",42.9,70.0,34214,32.8,3.5,1.9,36,081,046700,Queens,36081046700
"Census Tract 478, Queens County, New York",42.9,37.7,80149,7.4,4.5,2.1,36,081,047800,Queens,36081047800
"Census Tract 495, Queens County, New York",42.1,48.3,60594,11.6,7.7,3.9,36,081,049500,Queens,36081049500
"Census Tract 512, Queens County, New York",55.9,51.7,68625,11.6,14.9,1.5,36,081,051200,Queens,36081051200
"Census Tract 1139, Queens County, New York",39.4,38.5,60972,9.9,7.3,1.5,36,081,113900,Queens,36081113900
"Census Tract 1147, Queens County, New York",37.7,34.1,74861,10.4,4.7,1.3,36,081,114700,Queens,36081114700
"Census Tract 731, Queens County, New York",39.6,40.1,110500,6.9,9.4,5.9,36,081,073100,Queens,36081073100
"Census Tract 228, Kings County, New York",32.0,36.9,30913,33.8,9.3,4.0,36,047,022800,Brooklyn,36047022800
"Census Tract 1134, Kings County, New York",47.3,77.6,19205,47.6,19.0,4.6,36,047,113400,Brooklyn,36047113400
"Census Tract 1156, Kings County, New York",41.3,74.9,15854,49.2,18.2,1.7,36,047,115600,Brooklyn,36047115600
"Census Tract 1178, Kings County, New York",43.8,71.6,36061,24.8,8.2,0.0,36,047,117800,Brooklyn,36047117800
"Census Tract 878, Kings County, New York",46.6,64.5,40208,31.5,11.1,2.6,36,047,087800,Brooklyn,36047087800
"Census Tract 882, Kings County, New York",44.3,61.8,46750,14.1,8.9,0.0,36,047,088200,Brooklyn,36047088200
"Census Tract 890, Kings County, New York",46.5,69.5,28688,38.5,17.4,0.0,36,047,089000,Brooklyn,36047089000
"Census Tract 894, Kings County, New York",50.8,68.3,43159,27.9,12.5,1.5,36,047,089400,Brooklyn,36047089400
"Census Tract 499, Kings County, New York",36.0,62.9,70031,6.3,10.4,5.5,36,047,049900,Brooklyn,36047049900
"Census Tract 504, Kings County, New York",42.0,69.6,86771,11.6,5.9,5.6,36,047,050400,Brooklyn,36047050400
"Census Tract 533, Kings County, New York",21.0,15.1,20931,61.7,0.5,10.2,36,047,053300,Brooklyn,36047053300
"Census Tract 553, Kings County, New York",33.6,73.5,80909,12.0,4.8,12.2,36,047,055300,Brooklyn,36047055300
"Census Tract 563, Kings County, New York",38.9,74.8,66591,24.3,6.9,2.8,36,047,056300,Brooklyn,36047056300
"Census Tract 594.01, Kings County, New York",44.4,53.4,42067,20.7,10.6,1.4,36,047,059401,Brooklyn,36047059401
"Census Tract 600, Kings County, New York",43.8,52.1,51845,13.9,6.9,2.7,36,047,060000,Brooklyn,36047060000
"Census Tract 606, Kings County, New York",44.4,61.0,29759,25.9,10.4,8.3,36,047,060600,Brooklyn,36047060600
"Census Tract 674, Kings County, New York",46.6,50.5,81964,3.9,6.6,2.6,36,047,067400,Brooklyn,36047067400
"Census Tract 686, Kings County, New York",46.2,42.3,51800,8.2,12.5,2.5,36,047,068600,Brooklyn,36047068600
"Census Tract 321, Kings County, New York",39.0,82.5,41094,23.4,12.5,1.5,36,047,032100,Brooklyn,36047032100
"Census Tract 328, Kings County, New York",50.3,61.4,45357,24.7,19.8,2.2,36,047,032800,Brooklyn,36047032800
"Census Tract 351, Kings County, New York",42.0,74.8,24519,38.1,12.9,1.7,36,047,035100,Brooklyn,36047035100
"Census Tract 732, Kings County, New York",44.6,60.6,74018,7.3,12.8,1.9,36,047,073200,Brooklyn,36047073200
"Census Tract 740, Kings County, New York",46.9,55.2,60170,14.1,8.7,2.4,36,047,074000,Brooklyn,36047074000
"Census Tract 748, Kings County, New York",36.8,33.9,61667,31.2,6.1,3.9,36,047,074800,Brooklyn,36047074800
"Census Tract 754, Kings County, New York",28.7,10.7,86389,29.3,6.7,14.0,36,047,075400,Brooklyn,36047075400
"Census Tract 762, Kings County, New York",40.6,68.2,46667,31.8,1.3,1.3,36,047,076200,Brooklyn,36047076200
"Census Tract 818, Kings County, New York",46.7,67.6,44954,30.0,8.0,4.7,36,047,081800,Brooklyn,36047081800
"Census Tract 822, Kings County, New York",44.9,83.3,38997,21.0,8.5,3.4,36,047,082200,Brooklyn,36047082200
"Census Tract 830, Kings County, New York",40.1,78.3,45598,11.0,4.4,1.1,36,047,083000,Brooklyn,36047083000
"Census Tract 834, Kings County, New York",47.4,55.9,57708,12.9,11.0,1.8,36,047,083400,Brooklyn,36047083400
"Census Tract 361, Queens County, New York",41.7,60.3,41990,21.7,10.3,7.0,36,081,036100,Queens,36081036100
"Census Tract 363, Queens County, New York",45.5,62.7,52841,21.3,4.2,0.0,36,081,036300,Queens,36081036300
"Census Tract 371, Queens County, New York",41.9,50.1,47209,27.9,11.5,1.7,36,081,037100,Queens,36081037100
"Census Tract 377, Queens County, New York",40.0,64.0,46276,26.4,10.5,1.1,36,081,037700,Queens,36081037700
"Census Tract 379, Queens County, New York",43.9,68.8,48523,22.6,4.0,0.0,36,081,037900,Queens,36081037900
"Census Tract 413, Queens County, New York",42.4,66.8,50745,27.2,5.4,1.5,36,081,041300,Queens,36081041300
"Census Tract 621, Queens County, New York",35.2,36.7,56154,18.5,11.3,1.6,36,081,062100,Queens,36081062100
"Census Tract 591, Queens County, New York",37.0,67.9,56932,12.9,5.3,6.3,36,081,059100,Queens,36081059100
"Census Tract 892, Queens County, New York",37.2,24.2,85365,2.9,7.1,1.7,36,081,089200,Queens,36081089200
"Census Tract 1579.02, Queens County, New York",38.0,22.5,95592,9.6,4.9,0.5,36,081,157902,Queens,36081157902
"Census Tract 52, Queens County, New York",50.3,56.5,51620,15.1,9.7,0.8,36,081,005200,Queens,36081005200
"Census Tract 120, Queens County, New York",38.9,32.4,48073,29.7,9.0,0.0,36,081,012000,Queens,36081012000
"Census Tract 156, Queens County, New York",44.4,53.3,50391,13.3,7.5,1.7,36,081,015600,Queens,36081015600
"Census Tract 1227.02, Queens County, New York",43.7,57.2,23194,40.2,19.6,0.0,36,081,122702,Queens,36081122702
"Census Tract 83, Queens County, New York",35.2,58.5,46190,16.3,6.3,1.6,36,081,008300,Queens,36081008300
"Census Tract 889.01, Queens County, New York",43.2,39.4,42276,24.8,4.9,2.9,36,081,088901,Queens,36081088901
"Census Tract 1451.02, Queens County, New York",43.1,23.1,85170,6.5,5.1,2.3,36,081,145102,Queens,36081145102
"Census Tract 86, Queens County, New York",38.5,40.6,73345,14.6,16.7,3.6,36,081,008600,Queens,36081008600
"Census Tract 142.02, Queens County, New York",42.9,59.5,62656,20.3,8.5,5.9,36,081,014202,Queens,36081014202
"Census Tract 190, Queens County, New York",40.2,46.6,73864,8.9,10.1,1.8,36,081,019000,Queens,36081019000
"Census Tract 251, Queens County, New York",37.1,69.8,41456,9.2,6.6,1.9,36,081,025100,Queens,36081025100
"Census Tract 367, Queens County, New York",42.7,49.3,60000,13.6,5.6,1.8,36,081,036700,Queens,36081036700
"Census Tract 409, Queens County, New York",43.7,68.1,50045,23.3,8.5,0.7,36,081,040900,Queens,36081040900
"Census Tract 476, Queens County, New York",34.0,19.6,86750,5.1,3.6,2.6,36,081,047600,Queens,36081047600
"Census Tract 352, Kings County, New York",49.2,79.6,11011,51.6,0.0,7.8,36,047,035200,Brooklyn,36047035200
"Census Tract 365.01, Kings County, New York",44.9,67.0,39019,19.7,14.1,7.7,36,047,036501,Brooklyn,36047036501
"Census Tract 367, Kings County, New York",45.4,60.9,51140,17.3,3.9,0.9,36,047,036700,Brooklyn,36047036700
"Census Tract 370, Kings County, New York",43.8,45.8,66836,12.6,4.5,2.3,36,047,037000,Brooklyn,36047037000
"Census Tract 387, Kings County, New York",45.5,70.5,36430,29.3,20.1,6.6,36,047,038700,Brooklyn,36047038700
"Census Tract 81, Richmond County, New York",49.7,47.9,35031,29.6,9.1,3.1,36,085,008100,Staten Island,36085008100
"Census Tract 146.04, Richmond County, New York",46.6,26.4,80705,9.3,10.0,1.3,36,085,014604,Staten Island,36085014604
"Census Tract 146.06, Richmond County, New York",44.8,28.4,96833,6.7,5.0,4.1,36,085,014606,Staten Island,36085014606
"Census Tract 170.05, Richmond County, New York",46.0,22.8,100162,4.2,6.1,2.0,36,085,017005,Staten Island,36085017005
"Census Tract 173, Richmond County, New York",42.0,29.5,38011,20.2,8.9,0.8,36,085,017300,Staten Island,36085017300
"Census Tract 176, Richmond County, New York",46.2,20.0,102561,3.7,3.9,2.4,36,085,017600,Staten Island,36085017600
"Census Tract 208.01, Richmond County, New York",42.2,22.3,75453,19.6,4.2,2.0,36,085,020801,Staten Island,36085020801
"Census Tract 125, New York County, New York",23.4,36.4,150682,8.8,3.1,3.1,36,061,012500,Manhattan,36061012500
"Census Tract 201.01, New York County, New York",18.5,38.4,82353,16.2,4.2,10.6,36,061,020101,Manhattan,36061020101
"Census Tract 78, New York County, New York",29.6,41.7,120205,7.6,6.9,6.1,36,061,007800,Manhattan,36061007800
"Census Tract 112.02, New York County, New York",17.1,10.3,192857,4.5,0.0,13.5,36,061,011202,Manhattan,36061011202
"Census Tract 143, New York County, New York",-666666666.0,-666666666.0,-666666666,100.0,100.0,-666666666.0,36,061,014300,Manhattan,36061014300
"Census Tract 174.01, New York County, New York",39.6,68.4,21435,36.6,10.4,9.5,36,061,017401,Manhattan,36061017401
"Census Tract 207.01, New York County, New York",19.7,31.4,60798,29.6,2.4,13.1,36,061,020701,Manhattan,36061020701
"Census Tract 32, New York County, New York",30.8,59.7,71033,10.9,4.4,6.7,36,061,003200,Manhattan,36061003200
"Census Tract 146.01, New York County, New York",32.2,68.8,120257,3.8,2.6,5.7,36,061,014601,Manhattan,36061014601
"Census Tract 165, New York County, New York",33.9,71.2,126346,6.2,4.1,11.6,36,061,016500,Manhattan,36061016500
"Census Tract 279, New York County, New York",37.4,65.5,48242,14.9,9.6,4.9,36,061,027900,Manhattan,36061027900
"Census Tract 112.03, New York County, New York",20.9,27.1,128083,10.9,1.9,7.2,36,061,011203,Manhattan,36061011203
"Census Tract 184, New York County, New York",36.6,70.3,25581,33.2,9.6,2.1,36,061,018400,Manhattan,36061018400
"Census Tract 2.02, New York County, New York",30.9,41.5,29684,24.6,15.1,7.0,36,061,000202,Manhattan,36061000202
"Census Tract 15.02, New York County, New York",23.7,60.8,133209,8.3,3.5,5.8,36,061,001502,Manhattan,36061001502
"Census Tract 22.02, New York County, New York",29.1,58.4,68750,17.4,5.5,2.9,36,061,002202,Manhattan,36061002202
"Census Tract 27, New York County, New York",26.5,49.2,57171,11.8,4.5,4.0,36,061,002700,Manhattan,36061002700
"Census Tract 47, New York County, New York",23.7,55.7,101786,11.2,5.1,8.3,36,061,004700,Manhattan,36061004700
"Census Tract 50, New York County, New York",23.6,58.2,102723,8.0,10.4,2.9,36,061,005000,Manhattan,36061005000
"Census Tract 95, New York County, New York",22.1,39.3,145956,13.7,8.4,13.6,36,061,009500,Manhattan,36061009500
"Census Tract 98, New York County, New York",24.6,42.8,122331,4.1,2.9,6.0,36,061,009800,Manhattan,36061009800
"Census Tract 208, New York County, New York",36.4,70.8,42220,25.6,11.0,6.3,36,061,020800,Manhattan,36061020800
"Census Tract 174.02, New York County, New York",31.6,66.4,37426,29.1,13.6,7.3,36,061,017402,Manhattan,36061017402
"Census Tract 187, New York County, New York",31.5,60.4,110385,12.0,5.3,9.1,36,061,018700,Manhattan,36061018700
"Census Tract 189, New York County, New York",35.7,75.7,28158,36.0,16.5,2.2,36,061,018900,Manhattan,36061018900
"Census Tract 210, New York County, New York",39.7,80.5,29811,34.5,11.8,3.3,36,061,021000,Manhattan,36061021000
"Census Tract 225, New York County, New York",38.4,73.9,48157,27.2,12.2,6.2,36,061,022500,Manhattan,36061022500
"Census Tract 243.01, New York County, New York",41.3,69.5,38067,32.5,18.4,9.3,36,061,024301,Manhattan,36061024301
"Census Tract 243.02, New York County, New York",44.9,68.6,20371,42.6,29.7,4.8,36,061,024302,Manhattan,36061024302
"Census Tract 273, New York County, New York",40.3,68.0,74621,17.0,11.6,10.1,36,061,027300,Manhattan,36061027300
"Census Tract 287, New York County, New York",41.6,74.5,46891,26.7,10.2,3.0,36,061,028700,Manhattan,36061028700
"Census Tract 309, New York County, New York",38.7,60.0,27513,30.4,13.2,4.5,36,061,030900,Manhattan,36061030900
"Census Tract 311, New York County, New York",-666666666.0,-666666666.0,-666666666,-666666666.0,-666666666.0,-666666666.0,36,061,031100,Manhattan,36061031100
"Census Tract 40, New York County, New York",30.3,63.2,85338,13.0,4.1,6.8,36,061,004000,Manhattan,36061004000
"Census Tract 26.01, New York County, New York",33.4,59.5,43854,25.6,8.4,1.5,36,061,002601,Manhattan,36061002601
"Census Tract 26.02, New York County, New York",30.7,42.4,70037,14.2,2.8,3.8,36,061,002602,Manhattan,36061002602
"Census Tract 104, New York County, New York",28.7,34.7,111806,7.9,6.2,15.9,36,061,010400,Manhattan,36061010400
"Census Tract 119, New York County, New York",16.5,23.9,11671,55.5,12.9,15.6,36,061,011900,Manhattan,36061011900
"Census Tract 132, New York County, New York",33.3,58.9,78647,7.0,3.9,2.6,36,061,013200,Manhattan,36061013200
"Census Tract 134, New York County, New York",27.0,59.4,97801,14.3,4.6,3.6,36,061,013400,Manhattan,36061013400
"Census Tract 136, New York County, New York",31.5,58.2,108587,3.1,4.3,6.2,36,061,013600,Manhattan,36061013600
"Census Tract 144.02, New York County, New York",33.9,58.8,117656,5.4,3.8,11.1,36,061,014402,Manhattan,36061014402
"Census Tract 148.01, New York County, New York",29.4,66.7,167667,4.4,3.0,6.2,36,061,014801,Manhattan,36061014801
"Census Tract 157, New York County, New York",28.3,63.9,122734,6.5,3.7,12.8,36,061,015700,Manhattan,36061015700
"Census Tract 158.01, New York County, New York",29.1,61.9,136750,4.8,6.1,9.3,36,061,015801,Manhattan,36061015801
"Census Tract 161, New York County, New York",29.5,65.3,126727,2.8,4.1,3.9,36,061,016100,Manhattan,36061016100
"Census Tract 164, New York County, New York",36.9,66.2,33493,24.1,11.1,1.2,36,061,016400,Manhattan,36061016400
"Census Tract 196, New York County, New York",35.6,80.2,19045,37.3,9.2,5.2,36,061,019600,Manhattan,36061019600
"Census Tract 180, New York County, New York",34.6,79.1,31842,25.7,10.9,1.3,36,061,018000,Manhattan,36061018000
"Census Tract 185, New York County, New York",35.8,71.8,91776,7.2,8.0,9.6,36,061,018500,Manhattan,36061018500
"Census Tract 190, New York County, New York",34.9,78.0,58750,17.7,4.8,4.0,36,061,019000,Manhattan,36061019000
"Census Tract 193, New York County, New York",30.1,71.6,32236,32.1,12.0,0.0,36,061,019300,Manhattan,36061019300
"Census Tract 194, New York County, New York",32.2,70.6,27273,54.5,9.7,4.0,36,061,019400,Manhattan,36061019400
"Census Tract 212, New York County, New York",31.4,65.1,52263,9.2,14.7,7.3,36,061,021200,Manhattan,36061021200
"Census Tract 224, New York County, New York",37.0,73.6,25000,45.5,11.7,7.8,36,061,022400,Manhattan,36061022400
"Census Tract 232, New York County, New York",37.7,71.7,28800,30.2,18.4,2.4,36,061,023200,Manhattan,36061023200
"Census Tract 239, New York County, New York",42.8,64.1,41036,22.6,14.0,3.6,36,061,023900,Manhattan,36061023900
"Census Tract 241, New York County, New York",35.0,56.7,47957,25.7,10.6,6.0,36,061,024100,Manhattan,36061024100
"Census Tract 293, New York County, New York",42.9,63.6,32509,31.3,15.8,0.9,36,061,029300,Manhattan,36061029300
"Census Tract 129.01, Bronx County, New York",43.4,75.6,18269,48.9,14.1,5.8,36,005,012901,Bronx,36005012901
"Census Tract 130, Bronx County, New York",39.2,30.4,77917,5.7,6.7,2.0,36,005,013000,Bronx,36005013000
"Census Tract 369.01, Bronx County, New York",47.7,65.1,14821,53.3,20.7,6.5,36,005,036901,Bronx,36005036901
"Census Tract 56, Bronx County, New York",40.0,65.0,17771,38.0,16.8,1.3,36,005,005600,Bronx,36005005600
"Census Tract 27.02, Bronx County, New York",44.0,83.6,17147,52.7,10.6,0.5,36,005,002702,Bronx,36005002702
"Census Tract 33, Bronx County, New York",42.5,68.4,19923,56.3,18.5,1.8,36,005,003300,Bronx,36005003300
"Census Tract 72, Bronx County, New York",42.2,60.1,37634,33.4,7.4,2.3,36,005,007200,Bronx,36005007200
"Census Tract 121.01, Bronx County, New York",46.4,77.7,27813,43.1,10.6,2.7,36,005,012101,Bronx,36005012101
"Census Tract 121.02, Bronx County, New York",44.1,70.2,20028,49.6,17.7,0.0,36,005,012102,Bronx,36005012102
"Census Tract 123, Bronx County, New York",43.3,69.6,21300,45.1,10.6,4.5,36,005,012300,Bronx,36005012300
"Census Tract 133, Bronx County, New York",36.5,62.0,25282,25.5,15.0,2.1,36,005,013300,Bronx,36005013300
"Census Tract 143, Bronx County, New York",39.7,73.1,12000,52.2,17.8,4.1,36,005,014300,Bronx,36005014300
"Census Tract 144, Bronx County, New York",58.5,55.7,19418,46.4,19.7,0.4,36,005,014400,Bronx,36005014400
"Census Tract 145, Bronx County, New York",52.4,69.0,22711,50.4,21.5,0.0,36,005,014500,Bronx,36005014500
"Census Tract 166, Bronx County, New York",46.3,45.7,63421,10.2,9.1,5.7,36,005,016600,Bronx,36005016600
"Census Tract 552, Queens County, New York",60.2,60.7,52917,12.2,7.0,1.8,36,081,055200,Queens,36081055200
"Census Tract 566, Queens County, New York",49.8,49.4,71087,8.2,12.5,0.7,36,081,056600,Queens,36081056600
"Census Tract 590, Queens County, New York",45.8,38.5,69022,14.1,6.5,3.0,36,081,059000,Queens,36081059000
"Census Tract 448, Kings County, New York",35.5,46.7,52083,20.8,8.9,2.6,36,047,044800,Brooklyn,36047044800
"Census Tract 450, Kings County, New York",31.5,33.6,29659,46.6,1.9,5.3,36,047,045000,Brooklyn,36047045000
"Census Tract 458, Kings County, New York",42.6,52.5,60250,7.0,7.3,2.2,36,047,045800,Brooklyn,36047045800
"Census Tract 440, Kings County, New York",39.0,51.1,47727,25.3,10.4,3.8,36,047,044000,Brooklyn,36047044000
"Census Tract 421, Kings County, New York",42.1,82.8,34362,24.6,13.0,0.4,36,047,042100,Brooklyn,36047042100
"Census Tract 425, Kings County, New York",39.3,60.1,45642,29.4,13.3,6.2,36,047,042500,Brooklyn,36047042500
"Census Tract 432, Kings County, New York",43.8,63.9,48574,20.7,8.2,0.7,36,047,043200,Brooklyn,36047043200
"Census Tract 447, Kings County, New York",38.8,78.7,50114,29.5,13.2,3.6,36,047,044700,Brooklyn,36047044700
"Census Tract 456, Kings County, New York",40.9,56.9,35385,22.4,8.5,1.7,36,047,045600,Brooklyn,36047045600
"Census Tract 922, Kings County, New York",53.1,65.3,39485,10.7,13.5,1.6,36,047,092200,Brooklyn,36047092200
"Census Tract 944.02, Kings County, New York",45.9,66.5,23417,33.6,19.1,0.0,36,047,094402,Brooklyn,36047094402
"Census Tract 964, Kings County, New York",44.2,57.9,51631,22.3,7.4,0.0,36,047,096400,Brooklyn,36047096400
"Census Tract 71, Queens County, New York",33.5,72.3,70407,16.7,4.4,3.9,36,081,007100,Queens,36081007100
"Census Tract 117, Queens County, New York",38.6,76.2,65556,12.9,3.5,2.8,36,081,011700,Queens,36081011700
"Census Tract 147, Queens County, New York",37.4,57.5,66094,5.1,9.3,1.6,36,081,014700,Queens,36081014700
"Census Tract 297, Queens County, New York",37.6,70.8,55536,21.4,3.5,2.9,36,081,029700,Queens,36081029700
"Census Tract 309.02, Queens County, New York",38.3,60.7,46136,25.8,10.2,0.2,36,081,030902,Queens,36081030902
"Census Tract 317, Queens County, New York",36.6,43.2,64207,7.7,6.2,3.7,36,081,031700,Queens,36081031700
"Census Tract 327, Queens County, New York",42.4,62.5,58214,17.6,8.2,2.3,36,081,032700,Queens,36081032700
"Census Tract 328, Queens County, New York",50.0,47.9,58125,8.4,9.1,0.5,36,081,032800,Queens,36081032800
"Census Tract 337, Queens County, New York",42.7,57.9,57554,16.0,3.1,1.1,36,081,033700,Queens,36081033700
"Census Tract 930, Kings County, New York",53.3,61.8,56014,9.7,11.8,3.4,36,047,093000,Brooklyn,36047093000
"Census Tract 962, Kings County, New York",51.4,52.7,64750,20.3,3.0,2.1,36,047,096200,Brooklyn,36047096200
"Census Tract 984, Kings County, New York",48.9,61.3,71146,19.1,5.0,2.1,36,047,098400,Brooklyn,36047098400
"Census Tract 414.01, Kings County, New York",43.4,58.2,52774,11.7,11.0,0.0,36,047,041401,Brooklyn,36047041401
"Census Tract 415, Kings County, New York",44.7,76.0,53924,18.8,22.0,2.3,36,047,041500,Brooklyn,36047041500
"Census Tract 418, Kings County, New York",31.3,34.4,33056,18.5,10.1,3.3,36,047,041800,Brooklyn,36047041800
"Census Tract 431, Kings County, New York",40.5,80.2,42269,36.4,11.7,1.9,36,047,043100,Brooklyn,36047043100
"Census Tract 438, Kings County, New York",40.9,54.7,40227,25.8,11.1,1.3,36,047,043800,Brooklyn,36047043800
"Census Tract 170.09, Richmond County, New York",40.4,16.1,91000,8.5,3.9,4.6,36,085,017009,Staten Island,36085017009
"Census Tract 207, Richmond County, New York",40.3,45.9,36287,33.4,5.7,0.0,36,085,020700,Staten Island,36085020700
"Census Tract 208.03, Richmond County, New York",49.3,25.3,91782,7.6,5.5,1.5,36,085,020803,Staten Island,36085020803
"Census Tract 223, Richmond County, New York",47.0,38.7,60511,15.1,3.6,2.7,36,085,022300,Staten Island,36085022300
"Census Tract 247, Richmond County, New York",39.7,30.1,63162,14.4,3.8,3.0,36,085,024700,Staten Island,36085024700
"Census Tract 251, Richmond County, New York",39.1,24.8,95239,5.2,4.8,0.4,36,085,025100,Staten Island,36085025100
"Census Tract 291.04, Richmond County, New York",40.8,24.0,89511,7.2,7.1,2.9,36,085,029104,Staten Island,36085029104
"Census Tract 47, Richmond County, New York",39.7,31.4,66528,3.7,4.9,3.1,36,085,004700,Staten Island,36085004700
"Census Tract 50, Richmond County, New York",41.2,26.8,70893,6.3,7.5,4.0,36,085,005000,Staten Island,36085005000
"Census Tract 74, Richmond County, New York",44.9,36.8,80268,14.6,5.9,5.0,36,085,007400,Staten Island,36085007400
"Census Tract 96.01, Richmond County, New York",43.2,31.3,61039,16.1,5.3,1.7,36,085,009601,Staten Island,36085009601
"Census Tract 96.02, Richmond County, New York",40.5,34.8,76212,2.3,8.1,2.0,36,085,009602,Staten Island,36085009602
"Census Tract 122, Richmond County, New York",41.7,26.7,91563,4.1,4.9,1.1,36,085,012200,Staten Island,36085012200
"Census Tract 132.03, Richmond County, New York",38.3,27.6,84596,8.6,9.3,1.4,36,085,013203,Staten Island,36085013203
"Census Tract 156.01, Richmond County, New York",47.8,29.3,97969,5.7,10.1,2.1,36,085,015601,Staten Island,36085015601
"Census Tract 187.01, Richmond County, New York",40.5,27.2,78750,13.0,4.3,0.7,36,085,018701,Staten Island,36085018701
"Census Tract 187.02, Richmond County, New York",40.2,28.1,83304,4.4,4.6,1.8,36,085,018702,Staten Island,36085018702
"Census Tract 189.01, Richmond County, New York",34.4,19.4,62000,12.7,8.0,1.5,36,085,018901,Staten Island,36085018901
"Census Tract 213, Richmond County, New York",41.9,38.8,52222,27.8,4.3,3.7,36,085,021300,Staten Island,36085021300
"Census Tract 392, Kings County, New York",38.9,45.4,33125,19.2,10.1,0.0,36,047,039200,Brooklyn,36047039200
"Census Tract 96, Kings County, New York",39.8,54.3,32829,39.7,10.9,2.2,36,047,009600,Brooklyn,36047009600
"Census Tract 102, Kings County, New York",45.5,60.3,42911,24.9,8.1,1.2,36,047,010200,Brooklyn,36047010200
"Census Tract 110, Kings County, New York",46.0,57.2,40238,28.9,5.4,2.1,36,047,011000,Brooklyn,36047011000
"Census Tract 134, Kings County, New York",38.7,49.8,66172,6.4,8.3,1.8,36,047,013400,Brooklyn,36047013400
"Census Tract 136, Kings County, New York",42.0,56.1,66375,12.6,4.5,4.3,36,047,013600,Brooklyn,36047013600
"Census Tract 11, Richmond County, New York",40.0,40.5,44342,23.2,8.3,9.0,36,085,001100,Staten Island,36085001100
"Census Tract 343, Kings County, New York",41.5,70.7,25019,29.2,14.6,4.7,36,047,034300,Brooklyn,36047034300
"Census Tract 388, Kings County, New York",48.4,45.0,60132,17.3,5.4,3.0,36,047,038800,Brooklyn,36047038800
"Census Tract 395, Kings County, New York",44.1,74.9,27870,39.6,22.8,2.1,36,047,039500,Brooklyn,36047039500
"Census Tract 399, Kings County, New York",38.5,64.5,31563,32.3,17.5,2.5,36,047,039900,Brooklyn,36047039900
"Census Tract 402, Kings County, New York",46.4,62.3,42000,20.9,6.4,1.8,36,047,040200,Brooklyn,36047040200
"Census Tract 409, Kings County, New York",41.8,78.0,37635,34.2,13.4,1.6,36,047,040900,Brooklyn,36047040900
"Census Tract 416, Kings County, New York",33.4,55.5,44260,24.7,8.7,3.0,36,047,041600,Brooklyn,36047041600
"Census Tract 400, Kings County, New York",44.7,68.2,41759,21.4,11.0,0.0,36,047,040000,Brooklyn,36047040000
"Census Tract 423, Kings County, New York",37.7,71.2,51083,24.7,12.8,5.8,36,047,042300,Brooklyn,36047042300
"Census Tract 424, Kings County, New York",49.5,70.6,46570,12.0,9.3,1.8,36,047,042400,Brooklyn,36047042400
"Census Tract 442, Kings County, New York",30.6,40.9,57366,10.9,5.9,1.1,36,047,044200,Brooklyn,36047044200
"Census Tract 452, Kings County, New York",32.2,32.8,67431,11.0,3.1,7.1,36,047,045200,Brooklyn,36047045200
"Census Tract 462.02, Kings County, New York",32.5,41.5,56818,28.2,4.1,8.9,36,047,046202,Brooklyn,36047046202
"Census Tract 478, Kings County, New York",32.7,47.1,31708,35.4,8.8,1.4,36,047,047800,Brooklyn,36047047800
"Census Tract 480, Kings County, New York",37.0,32.9,30968,31.9,9.8,1.0,36,047,048000,Brooklyn,36047048000
"Census Tract 481, Kings County, New York",33.5,66.6,72717,15.7,10.2,5.1,36,047,048100,Brooklyn,36047048100
"Census Tract 506, Kings County, New York",43.8,71.9,48583,21.1,9.0,2.3,36,047,050600,Brooklyn,36047050600
"Census Tract 517, Kings County, New York",29.6,76.1,100814,9.1,4.9,4.3,36,047,051700,Brooklyn,36047051700
"Census Tract 518, Kings County, New York",42.4,67.9,69856,15.2,9.4,5.4,36,047,051800,Brooklyn,36047051800
"Census Tract 520, Kings County, New York",41.9,70.2,47130,21.5,8.7,4.6,36,047,052000,Brooklyn,36047052000
"Census Tract 532, Kings County, New York",42.5,52.6,49395,19.6,12.6,3.4,36,047,053200,Brooklyn,36047053200
"Census Tract 546, Kings County, New York",40.5,47.5,31868,22.5,8.8,0.9,36,047,054600,Brooklyn,36047054600
"Census Tract 599, Queens County, New York",35.8,40.8,57697,6.8,13.5,4.6,36,081,059900,Queens,36081059900
"Census Tract 619, Queens County, New York",40.7,42.6,69004,13.2,13.2,2.6,36,081,061900,Queens,36081061900
"Census Tract 1059, Queens County, New York",40.2,33.7,87064,3.8,7.0,4.6,36,081,105900,Queens,36081105900
"Census Tract 1099, Queens County, New York",40.6,30.1,76250,6.9,5.1,1.6,36,081,109900,Queens,36081109900
"Census Tract 104, Queens County, New York",51.9,63.5,57375,21.9,8.3,0.8,36,081,010400,Queens,36081010400
"Census Tract 108, Queens County, New York",48.0,50.1,44545,15.3,10.0,0.7,36,081,010800,Queens,36081010800
"Census Tract 118, Queens County, New York",47.0,46.8,53125,20.9,8.5,3.9,36,081,011800,Queens,36081011800
"Census Tract 12, Queens County, New York",50.0,50.6,63862,12.1,7.0,0.0,36,081,001200,Queens,36081001200
"Census Tract 20, Queens County, New York",46.8,63.1,77321,13.6,9.3,1.1,36,081,002000,Queens,36081002000
"Census Tract 25, Queens County, New York",42.1,79.6,16584,48.2,15.1,0.0,36,081,002500,Queens,36081002500
"Census Tract 37, Queens County, New York",-666666666.0,-666666666.0,-666666666,-666666666.0,-666666666.0,-666666666.0,36,081,003700,Queens,36081003700
"Census Tract 616.02, Queens County, New York",45.1,24.1,89063,6.2,2.8,0.0,36,081,061602,Queens,36081061602
"Census Tract 142, Kings County, New York",41.3,54.4,56324,15.6,10.7,4.3,36,047,014200,Brooklyn,36047014200
"Census Tract 159, Kings County, New York",34.3,66.0,130806,3.1,3.9,14.2,36,047,015900,Brooklyn,36047015900
"Census Tract 167, Kings County, New York",39.4,72.0,107466,5.2,5.4,10.6,36,047,016700,Brooklyn,36047016700
"Census Tract 31, Kings County, New York",27.3,51.5,69609,3.3,10.8,10.4,36,047,003100,Brooklyn,36047003100
"Census Tract 43, Kings County, New York",31.8,69.3,112036,8.7,5.1,9.5,36,047,004300,Brooklyn,36047004300
"Census Tract 51, Kings County, New York",41.1,60.8,85563,6.6,3.2,11.2,36,047,005100,Brooklyn,36047005100
"Census Tract 69, Kings County, New York",34.6,68.7,131284,4.3,2.3,7.7,36,047,006900,Brooklyn,36047006900
"Census Tract 1170, Kings County, New York",37.3,57.4,35889,23.6,16.1,2.7,36,047,117000,Brooklyn,36047117000
"Census Tract 1172.01, Kings County, New York",49.7,62.3,51042,24.8,10.0,1.8,36,047,117201,Brooklyn,36047117201
"Census Tract 1174, Kings County, New York",40.9,60.8,53549,24.0,6.3,1.3,36,047,117400,Brooklyn,36047117400
"Census Tract 1176.02, Kings County, New York",43.2,70.0,28304,29.1,8.4,0.5,36,047,117602,Brooklyn,36047117602
"Census Tract 1220, Kings County, New York",42.2,62.3,43125,20.4,12.8,1.2,36,047,122000,Brooklyn,36047122000
"Census Tract 313, Kings County, New York",43.8,64.1,34817,26.7,8.2,10.2,36,047,031300,Brooklyn,36047031300
"Census Tract 1014, Kings County, New York",48.8,58.2,60969,13.4,9.1,1.1,36,047,101400,Brooklyn,36047101400
"Census Tract 1118, Kings County, New York",41.5,70.3,33160,35.8,16.8,0.0,36,047,111800,Brooklyn,36047111800
"Census Tract 1158, Kings County, New York",47.3,61.2,44142,23.7,16.1,0.0,36,047,115800,Brooklyn,36047115800
"Census Tract 403, Kings County, New York",47.5,66.6,27827,41.8,20.5,6.4,36,047,040300,Brooklyn,36047040300
"Census Tract 428, Kings County, New York",42.5,59.9,52188,17.4,10.1,2.5,36,047,042800,Brooklyn,36047042800
"Census Tract 470, Kings County, New York",29.0,26.7,46696,41.7,5.0,3.5,36,047,047000,Brooklyn,36047047000
"Census Tract 198, Kings County, New York",47.2,53.9,61875,16.5,3.5,0.8,36,047,019800,Brooklyn,36047019800
"Census Tract 297, Kings County, New York",39.9,59.9,50260,32.2,19.3,7.9,36,047,029700,Brooklyn,36047029700
"Census Tract 335, Kings County, New York",36.7,53.1,61164,16.4,11.2,1.4,36,047,033500,Brooklyn,36047033500
"Census Tract 391, Kings County, New York",36.8,75.8,35542,38.7,18.0,4.7,36,047,039100,Brooklyn,36047039100
"Census Tract 868, Kings County, New York",47.8,68.0,47679,24.8,9.2,4.5,36,047,086800,Brooklyn,36047086800
"Census Tract 916, Kings County, New York",45.1,74.2,31105,33.1,12.0,1.5,36,047,091600,Brooklyn,36047091600
"Census Tract 1012, Kings County, New York",46.7,54.0,64760,8.2,10.7,0.0,36,047,101200,Brooklyn,36047101200
"Census Tract 72, Kings County, New York",40.3,64.2,37364,39.3,5.7,0.0,36,047,007200,Brooklyn,36047007200
"Census Tract 100, Kings County, New York",47.4,61.5,33229,40.3,10.1,1.4,36,047,010000,Brooklyn,36047010000
"Census Tract 511, Kings County, New York",40.8,80.1,31047,29.2,8.4,2.6,36,047,051100,Brooklyn,36047051100
"Census Tract 515, Kings County, New York",35.5,67.6,96146,7.2,3.4,11.5,36,047,051500,Brooklyn,36047051500
"Census Tract 527, Kings County, New York",32.4,70.2,32022,38.3,14.1,5.9,36,047,052700,Brooklyn,36047052700
"Census Tract 529, Kings County, New York",21.9,25.8,31962,50.8,3.9,2.1,36,047,052900,Brooklyn,36047052900
"Census Tract 547, Kings County, New York",34.2,47.6,39773,43.4,6.7,9.2,36,047,054700,Brooklyn,36047054700
"Census Tract 556, Kings County, New York",37.4,44.6,50066,11.5,9.3,4.2,36,047,055600,Brooklyn,36047055600
"Census Tract 564, Kings County, New York",41.3,46.9,71707,3.0,5.2,3.5,36,047,056400,Brooklyn,36047056400
"Census Tract 570, Kings County, New York",47.2,52.4,57200,8.1,6.8,1.6,36,047,057000,Brooklyn,36047057000
"Census Tract 579, Kings County, New York",32.8,65.3,56500,15.1,3.3,4.6,36,047,057900,Brooklyn,36047057900
"Census Tract 584, Kings County, New York",48.9,55.5,58975,10.0,3.1,4.3,36,047,058400,Brooklyn,36047058400
"Census Tract 586, Kings County, New York",47.2,60.9,56797,12.9,6.3,3.9,36,047,058600,Brooklyn,36047058600
"Census Tract 2, Kings County, New York",38.1,59.5,34740,39.8,7.9,5.5,36,047,000200,Brooklyn,36047000200
"Census Tract 7, Kings County, New York",33.2,63.8,130966,5.2,4.4,10.2,36,047,000700,Brooklyn,36047000700
"Census Tract 194, Bronx County, New York",43.5,39.2,51176,23.6,11.1,0.6,36,005,019400,Bronx,36005019400
"Census Tract 77, Richmond County, New York",38.7,27.2,51595,26.3,7.6,4.0,36,085,007700,Staten Island,36085007700
"Census Tract 170.10, Richmond County, New York",42.0,20.4,90747,7.7,6.8,3.9,36,085,017010,Staten Island,36085017010
"Census Tract 319.01, Richmond County, New York",38.2,49.4,25064,39.3,13.8,0.0,36,085,031901,Staten Island,36085031901
"Census Tract 17, Richmond County, New York",39.6,38.3,42716,25.4,8.5,9.9,36,085,001700,Staten Island,36085001700
"Census Tract 133.01, Richmond County, New York",36.3,72.8,14030,68.3,30.2,5.4,36,085,013301,Staten Island,36085013301
"Census Tract 213.01, Bronx County, New York",29.9,59.5,16378,48.2,13.3,6.3,36,005,021301,Bronx,36005021301
"Census Tract 229.01, Bronx County, New York",36.3,63.7,24115,36.4,16.2,6.3,36,005,022901,Bronx,36005022901
"Census Tract 132, Bronx County, New York",41.4,30.6,96701,7.0,7.5,0.0,36,005,013200,Bronx,36005013200
"Census Tract 201, Bronx County, New York",37.9,63.2,24160,43.0,9.8,7.6,36,005,020100,Bronx,36005020100
"Census Tract 390, Bronx County, New York",44.2,63.9,32364,37.4,26.5,0.0,36,005,039000,Bronx,36005039000
"Census Tract 393, Bronx County, New York",43.2,61.0,20891,43.3,17.4,8.4,36,005,039300,Bronx,36005039300
"Census Tract 403.02, Bronx County, New York",41.7,68.5,25724,35.3,13.3,5.7,36,005,040302,Bronx,36005040302
"Census Tract 404, Bronx County, New York",41.6,48.0,36691,13.8,15.7,3.8,36,005,040400,Bronx,36005040400
"Census Tract 407.01, Bronx County, New York",44.6,72.3,30354,36.5,9.8,1.2,36,005,040701,Bronx,36005040701
"Census Tract 415, Bronx County, New York",42.3,72.7,42207,21.4,13.3,1.3,36,005,041500,Bronx,36005041500
"Census Tract 436, Bronx County, New York",53.2,46.0,57564,14.2,10.0,2.3,36,005,043600,Bronx,36005043600
"Census Tract 448, Bronx County, New York",49.0,43.1,78456,5.7,10.7,0.0,36,005,044800,Bronx,36005044800
"Census Tract 516, Bronx County, New York",35.7,14.3,76771,4.0,7.4,4.6,36,005,051600,Bronx,36005051600
"Census Tract 392, Bronx County, New York",53.9,59.5,39457,28.3,17.0,3.1,36,005,039200,Bronx,36005039200
"Census Tract 389, Bronx County, New York",39.5,57.8,28240,48.0,14.5,4.4,36,005,038900,Bronx,36005038900
"Census Tract 391, Bronx County, New York",40.8,57.1,30661,41.4,8.7,2.9,36,005,039100,Bronx,36005039100
"Census Tract 394, Bronx County, New York",49.0,62.6,33708,31.7,16.7,3.1,36,005,039400,Bronx,36005039400
"Census Tract 398, Bronx County, New York",41.3,32.1,70552,15.0,16.1,2.1,36,005,039800,Bronx,36005039800
"Census Tract 414, Bronx County, New York",43.0,53.0,53750,12.8,19.2,1.2,36,005,041400,Bronx,36005041400
"Census Tract 418, Bronx County, New York",43.3,50.0,37829,35.5,13.3,6.4,36,005,041800,Bronx,36005041800
"Census Tract 422, Bronx County, New York",46.5,54.1,51701,11.7,13.7,0.0,36,005,042200,Bronx,36005042200
"Census Tract 430, Bronx County, New York",38.2,49.1,52096,7.3,9.5,0.0,36,005,043000,Bronx,36005043000
"Census Tract 431, Bronx County, New York",42.2,64.8,31028,30.1,12.5,3.5,36,005,043100,Bronx,36005043100
"Census Tract 249, Kings County, New York",42.1,67.2,48315,18.0,11.3,5.5,36,047,024900,Brooklyn,36047024900
"Census Tract 256, Kings County, New York",47.9,69.6,53036,16.9,7.3,0.0,36,047,025600,Brooklyn,36047025600
"Census Tract 278, Kings County, New York",46.2,73.4,47917,24.9,18.2,0.0,36,047,027800,Brooklyn,36047027800
"Census Tract 285.01, Kings County, New York",41.6,81.8,84861,12.4,10.9,0.0,36,047,028501,Brooklyn,36047028501
"Census Tract 289, Kings County, New York",44.7,82.9,39570,28.5,25.8,3.1,36,047,028900,Brooklyn,36047028900
"Census Tract 291, Kings County, New York",48.9,67.5,35521,14.1,20.8,5.7,36,047,029100,Brooklyn,36047029100
"Census Tract 169, Kings County, New York",36.4,66.2,78504,18.6,3.7,6.8,36,047,016900,Brooklyn,36047016900
"Census Tract 364, Kings County, New York",38.7,54.1,33750,22.5,13.3,3.3,36,047,036400,Brooklyn,36047036400
"Census Tract 373, Kings County, New York",43.2,65.6,29057,34.1,10.5,4.2,36,047,037300,Brooklyn,36047037300
"Census Tract 80, Kings County, New York",43.8,71.2,53380,15.2,8.2,4.2,36,047,008000,Brooklyn,36047008000
"Census Tract 88, Kings County, New York",43.5,66.3,53528,10.9,9.5,4.9,36,047,008800,Brooklyn,36047008800
"Census Tract 92, Kings County, New York",43.7,68.6,38042,41.3,9.4,2.3,36,047,009200,Brooklyn,36047009200
"Census Tract 98, Kings County, New York",47.2,64.4,31961,45.7,8.6,1.7,36,047,009800,Brooklyn,36047009800
"Census Tract 101, Kings County, New York",38.6,66.4,43779,25.2,10.3,2.3,36,047,010100,Brooklyn,36047010100
"Census Tract 128.01, Kings County, New York",48.0,56.5,42596,23.5,5.8,1.4,36,047,012801,Brooklyn,36047012801
"Census Tract 131, Kings County, New York",37.1,69.6,111950,9.7,4.3,7.7,36,047,013100,Brooklyn,36047013100
"Census Tract 394, Queens County, New York",46.5,39.9,57391,10.1,16.6,2.9,36,081,039400,Queens,36081039400
"Census Tract 405, Queens County, New York",45.7,78.3,42557,30.5,6.6,1.6,36,081,040500,Queens,36081040500
"Census Tract 407, Queens County, New York",44.9,76.7,43355,16.2,4.9,0.3,36,081,040700,Queens,36081040700
"Census Tract 469, Queens County, New York",41.4,72.7,45048,29.1,7.0,0.0,36,081,046900,Queens,36081046900
"Census Tract 480, Queens County, New York",42.9,50.1,60398,10.0,14.9,0.9,36,081,048000,Queens,36081048000
"Census Tract 655.01, Queens County, New York",-666666666.0,-666666666.0,-666666666,-666666666.0,-666666666.0,-666666666.0,36,081,065501,Queens,36081065501
"Census Tract 657.03, Queens County, New York",34.3,34.1,72313,4.5,9.6,2.2,36,081,065703,Queens,36081065703
"Census Tract 665.01, Queens County, New York",39.2,39.5,80455,7.1,6.2,0.1,36,081,066501,Queens,36081066501
"Census Tract 667.01, Queens County, New York",34.7,24.3,52917,8.0,6.7,5.2,36,081,066701,Queens,36081066701
"Census Tract 671, Queens County, New York",36.5,37.4,83854,5.6,9.7,1.6,36,081,067100,Queens,36081067100
"Census Tract 713.03, Queens County, New York",42.9,62.5,79447,6.1,3.4,3.9,36,081,071303,Queens,36081071303
"Census Tract 713.04, Queens County, New York",41.9,55.1,52914,21.8,9.4,0.6,36,081,071304,Queens,36081071304
"Census Tract 92, Bronx County, New York",48.4,67.9,35227,21.3,18.6,0.4,36,005,009200,Bronx,36005009200
"Census Tract 127.01, Bronx County, New York",39.7,72.2,18641,49.4,9.0,0.5,36,005,012701,Bronx,36005012701
"Census Tract 135, Bronx County, New York",41.6,68.2,23279,40.2,12.3,1.6,36,005,013500,Bronx,36005013500
"Census Tract 138, Bronx County, New York",35.6,24.5,79773,5.5,7.9,2.2,36,005,013800,Bronx,36005013800
"Census Tract 161, Bronx County, New York",44.0,69.8,12467,51.6,17.8,3.0,36,005,016100,Bronx,36005016100
"Census Tract 171, Bronx County, New York",-666666666.0,-666666666.0,-666666666,-666666666.0,-666666666.0,-666666666.0,36,005,017100,Bronx,36005017100
"Census Tract 195, Bronx County, New York",40.1,63.3,26706,34.4,15.0,7.2,36,005,019500,Bronx,36005019500
"Census Tract 229.02, Bronx County, New York",40.3,64.2,24142,34.6,19.4,6.2,36,005,022902,Bronx,36005022902
"Census Tract 233.02, Bronx County, New York",44.1,72.2,22566,50.1,14.0,7.5,36,005,023302,Bronx,36005023302
"Census Tract 244, Bronx County, New York",41.6,41.8,59063,9.9,14.5,2.5,36,005,024400,Bronx,36005024400
"Census Tract 269, Bronx County, New York",43.0,65.5,33365,34.8,16.1,1.6,36,005,026900,Bronx,36005026900
"Census Tract 273, Bronx County, New York",44.5,67.5,42093,24.4,16.4,1.4,36,005,027300,Bronx,36005027300
"Census Tract 295, Bronx County, New York",43.9,60.6,100750,5.9,5.0,3.9,36,005,029500,Bronx,36005029500
"Census Tract 297, Bronx County, New York",45.7,42.9,93452,3.1,6.4,4.9,36,005,029700,Bronx,36005029700
"Census Tract 310, Bronx County, New York",33.8,24.2,80724,11.0,7.1,3.4,36,005,031000,Bronx,36005031000
"Census Tract 316, Bronx County, New York",36.7,34.1,70759,15.1,8.3,1.0,36,005,031600,Bronx,36005031600
"Census Tract 318, Bronx County, New York",49.1,57.5,55739,12.7,13.8,4.2,36,005,031800,Bronx,36005031800
"Census Tract 323, Bronx County, New York",44.2,45.2,87483,3.5,11.6,5.1,36,005,032300,Bronx,36005032300
"Census Tract 324, Bronx County, New York",45.8,61.9,27946,33.1,9.4,1.0,36,005,032400,Bronx,36005032400
"Census Tract 334, Bronx County, New York",39.9,53.2,45739,19.2,11.1,0.0,36,005,033400,Bronx,36005033400
"Census Tract 59, Richmond County, New York",45.9,25.0,100645,10.2,12.4,1.3,36,085,005900,Staten Island,36085005900
"Census Tract 75, Richmond County, New York",40.3,42.9,48226,26.1,5.9,1.8,36,085,007500,Staten Island,36085007500
"Census Tract 97, Richmond County, New York",36.9,25.4,70556,18.6,11.4,1.7,36,085,009700,Staten Island,36085009700
"Census Tract 114.02, Richmond County, New York",47.5,39.0,74707,6.1,7.1,0.1,36,085,011402,Staten Island,36085011402
"Census Tract 121, Richmond County, New York",34.8,16.6,111629,13.1,9.1,4.4,36,085,012100,Staten Island,36085012100
"Census Tract 20.02, Richmond County, New York",42.5,37.8,87188,13.2,4.2,4.7,36,085,002002,Staten Island,36085002002
"Census Tract 341, Kings County, New York",40.1,68.2,50417,17.6,5.0,1.0,36,047,034100,Brooklyn,36047034100
"Census Tract 353, Kings County, New York",42.7,65.2,39934,21.8,6.9,5.9,36,047,035300,Brooklyn,36047035300
"Census Tract 646, Kings County, New York",38.6,31.0,89350,4.7,8.6,2.3,36,047,064600,Brooklyn,36047064600
"Census Tract 654, Kings County, New York",40.4,32.6,89750,6.1,4.4,0.6,36,047,065400,Brooklyn,36047065400
"Census Tract 1182.01, Kings County, New York",40.7,77.5,42301,19.9,5.5,1.7,36,047,118201,Brooklyn,36047118201
"Census Tract 956, Kings County, New York",50.6,58.7,65459,15.4,6.4,0.0,36,047,095600,Brooklyn,36047095600
"Census Tract 960, Kings County, New York",-666666666.0,-666666666.0,-666666666,-666666666.0,-666666666.0,-666666666.0,36,047,096000,Brooklyn,36047096000
"Census Tract 986, Kings County, New York",58.2,58.6,69375,8.0,8.5,1.0,36,047,098600,Brooklyn,36047098600
"Census Tract 1026, Kings County, New York",49.4,47.9,67955,7.2,4.2,1.5,36,047,102600,Brooklyn,36047102600
"Census Tract 138, Kings County, New York",42.4,57.4,52645,19.5,4.3,2.6,36,047,013800,Brooklyn,36047013800
"Census Tract 283, Kings County, New York",41.6,83.8,32917,36.0,22.5,0.0,36,047,028300,Brooklyn,36047028300
"Census Tract 369, Kings County, New York",46.6,71.0,31059,33.9,10.3,6.1,36,047,036900,Brooklyn,36047036900
"Census Tract 1006, Kings County, New York",53.7,56.0,65096,13.9,10.5,2.3,36,047,100600,Brooklyn,36047100600
"Census Tract 1160, Kings County, New York",46.8,70.2,26745,25.9,8.8,0.6,36,047,116000,Brooklyn,36047116000
"Census Tract 1192, Kings County, New York",38.6,65.0,43182,37.4,9.7,0.0,36,047,119200,Brooklyn,36047119200
"Census Tract 196, Kings County, New York",43.5,52.9,48382,23.1,10.9,3.3,36,047,019600,Brooklyn,36047019600
"Census Tract 234, Kings County, New York",28.0,19.6,24978,52.7,2.4,8.2,36,047,023400,Brooklyn,36047023400
"Census Tract 135, Kings County, New York",40.5,66.4,126111,5.3,5.1,10.9,36,047,013500,Brooklyn,36047013500
"Census Tract 140, Kings County, New York",39.2,42.3,59130,15.7,6.0,1.6,36,047,014000,Brooklyn,36047014000
"Census Tract 141, Kings County, New York",42.3,67.1,78125,6.4,10.0,10.0,36,047,014100,Brooklyn,36047014100
"Census Tract 177, Kings County, New York",-666666666.0,-666666666.0,-666666666,-666666666.0,-666666666.0,-666666666.0,36,047,017700,Brooklyn,36047017700
"Census Tract 181, Kings County, New York",34.6,71.8,80911,8.3,9.2,7.7,36,047,018100,Brooklyn,36047018100
"Census Tract 186, Kings County, New York",41.6,53.3,68021,6.7,7.8,3.3,36,047,018600,Brooklyn,36047018600
"Census Tract 193, Kings County, New York",33.6,58.7,54369,15.9,13.0,3.9,36,047,019300,Brooklyn,36047019300
"Census Tract 354, Kings County, New York",41.0,50.1,53158,8.6,8.4,3.4,36,047,035400,Brooklyn,36047035400
"Census Tract 874.01, Kings County, New York",43.6,61.1,30150,31.2,12.8,1.5,36,047,087401,Brooklyn,36047087401
"Census Tract 884, Kings County, New York",50.0,70.6,37853,21.5,8.1,4.8,36,047,088400,Brooklyn,36047088400
"Census Tract 896, Kings County, New York",49.7,69.1,34482,26.1,10.2,0.0,36,047,089600,Brooklyn,36047089600
"Census Tract 908, Kings County, New York",44.1,83.3,12863,62.1,21.4,1.6,36,047,090800,Brooklyn,36047090800
"Census Tract 934, Kings County, New York",49.9,64.4,51648,10.8,9.0,1.0,36,047,093400,Brooklyn,36047093400
"Census Tract 954, Kings County, New York",49.8,53.7,72610,11.6,8.9,1.4,36,047,095400,Brooklyn,36047095400
"Census Tract 968, Kings County, New York",42.2,45.2,62250,14.7,11.8,2.6,36,047,096800,Brooklyn,36047096800
"Census Tract 970, Kings County, New York",47.1,54.7,81548,13.0,10.2,0.9,36,047,097000,Brooklyn,36047097000
"Census Tract 994, Kings County, New York",50.3,54.0,64043,16.7,5.7,0.5,36,047,099400,Brooklyn,36047099400
"Census Tract 1004, Kings County, New York",48.0,53.3,66105,8.2,9.5,0.0,36,047,100400,Brooklyn,36047100400
"Census Tract 1180, Kings County, New York",-666666666.0,-666666666.0,-666666666,-666666666.0,-666666666.0,-666666666.0,36,047,118000,Brooklyn,36047118000
"Census Tract 1210, Kings County, New York",44.6,85.5,17139,51.1,23.8,0.9,36,047,121000,Brooklyn,36047121000
"Census Tract 197, Kings County, New York",41.4,77.5,83650,14.1,10.8,5.2,36,047,019700,Brooklyn,36047019700
"Census Tract 201, Kings County, New York",37.7,71.0,84844,7.6,7.7,9.3,36,047,020100,Brooklyn,36047020100
"Census Tract 215, Kings County, New York",44.6,82.0,61723,13.7,3.9,3.2,36,047,021500,Brooklyn,36047021500
"Census Tract 272, Kings County, New York",46.2,65.8,50982,18.4,9.5,1.8,36,047,027200,Brooklyn,36047027200
"Census Tract 355, Kings County, New York",42.6,65.3,39850,21.5,8.9,2.4,36,047,035500,Brooklyn,36047035500
"Census Tract 365.02, Kings County, New York",40.0,60.4,27364,35.1,22.5,3.6,36,047,036502,Brooklyn,36047036502
"Census Tract 393, Kings County, New York",42.1,69.5,52244,24.8,14.4,0.9,36,047,039300,Brooklyn,36047039300
"Census Tract 363, Bronx County, New York",43.8,70.1,18499,48.7,27.2,0.0,36,005,036300,Bronx,36005036300
"Census Tract 369.02, Bronx County, New York",52.4,67.3,25100,45.3,18.6,2.0,36,005,036902,Bronx,36005036902
"Census Tract 373, Bronx County, New York",45.0,60.7,29033,37.3,13.6,4.0,36,005,037300,Bronx,36005037300
"Census Tract 378, Bronx County, New York",40.4,59.2,35625,25.1,19.5,2.0,36,005,037800,Bronx,36005037800
"Census Tract 379, Bronx County, New York",46.3,80.6,27841,43.1,16.9,1.3,36,005,037900,Bronx,36005037900
"Census Tract 387, Bronx County, New York",34.3,46.1,19362,48.7,20.9,9.3,36,005,038700,Bronx,36005038700
"Census Tract 396, Bronx County, New York",42.1,58.5,35221,27.8,18.7,3.2,36,005,039600,Bronx,36005039600
"Census Tract 401, Bronx County, New York",44.5,71.0,33487,42.3,22.3,5.7,36,005,040100,Bronx,36005040100
"Census Tract 406, Bronx County, New York",47.3,59.1,44773,26.7,7.1,2.9,36,005,040600,Bronx,36005040600
"Census Tract 423, Bronx County, New York",42.6,58.0,31786,36.5,18.5,3.5,36,005,042300,Bronx,36005042300
"Census Tract 425, Bronx County, New York",45.6,64.8,28643,35.1,19.1,7.3,36,005,042500,Bronx,36005042500
"Census Tract 429.01, Bronx County, New York",45.0,70.1,39625,30.9,7.5,3.8,36,005,042901,Bronx,36005042901
"Census Tract 442, Bronx County, New York",57.8,64.7,38603,26.5,14.1,1.1,36,005,044200,Bronx,36005044200
"Census Tract 504, Bronx County, New York",-999999999.0,67.6,-888888888,0.0,0.0,0.0,36,005,050400,Bronx,36005050400
"Census Tract 301, Bronx County, New York",42.1,36.2,76771,12.3,3.4,4.0,36,005,030100,Bronx,36005030100
"Census Tract 276, Bronx County, New York",-999999999.0,0.0,54167,12.7,45.2,0.0,36,005,027600,Bronx,36005027600
"Census Tract 303, Kings County, New York",46.3,77.9,19696,53.3,16.9,2.3,36,047,030300,Brooklyn,36047030300
"Census Tract 315, Kings County, New York",46.2,76.8,54113,26.1,16.8,10.4,36,047,031500,Brooklyn,36047031500
"Census Tract 10.01, New York County, New York",31.3,52.6,73239,5.8,12.0,7.8,36,061,001001,Manhattan,36061001001
"Census Tract 7, New York County, New York",24.9,62.3,117841,10.6,4.4,6.9,36,061,000700,Manhattan,36061000700
"Census Tract 103, New York County, New York",22.4,47.8,94607,8.4,3.8,0.4,36,061,010300,Manhattan,36061010300
"Census Tract 626, Kings County, New York",38.2,36.8,45547,25.2,15.1,0.0,36,047,062600,Brooklyn,36047062600
"Census Tract 167, Bronx County, New York",43.5,68.2,27222,43.8,15.5,2.7,36,005,016700,Bronx,36005016700
"Census Tract 224.01, Bronx County, New York",43.3,71.1,43611,21.4,17.0,2.1,36,005,022401,Bronx,36005022401
"Census Tract 28, Bronx County, New York",47.3,48.2,49529,8.5,12.8,2.7,36,005,002800,Bronx,36005002800
"Census Tract 79, Bronx County, New York",41.1,71.0,24278,44.7,14.4,4.1,36,005,007900,Bronx,36005007900
"Census Tract 158, Bronx County, New York",40.8,38.3,77045,11.5,7.5,3.2,36,005,015800,Bronx,36005015800
"Census Tract 218, Bronx County, New York",43.6,56.6,37303,22.1,16.6,5.9,36,005,021800,Bronx,36005021800
"Census Tract 338, Bronx County, New York",47.0,61.6,37043,33.4,18.4,2.8,36,005,033800,Bronx,36005033800
"Census Tract 365.02, Bronx County, New York",41.0,77.7,19740,46.3,24.8,0.0,36,005,036502,Bronx,36005036502
"Census Tract 247, Queens County, New York",38.7,61.2,56250,8.7,8.7,0.0,36,081,024700,Queens,36081024700
"Census Tract 257, Queens County, New York",32.9,70.8,61848,9.1,7.7,4.0,36,081,025700,Queens,36081025700
"Census Tract 260, Queens County, New York",42.8,45.3,37857,35.4,23.4,3.8,36,081,026000,Queens,36081026000
"Census Tract 261, Queens County, New York",34.3,64.7,39852,26.2,8.0,0.0,36,081,026100,Queens,36081026100
"Census Tract 279, Queens County, New York",37.3,65.7,48170,14.5,7.4,2.6,36,081,027900,Queens,36081027900
"Census Tract 280, Queens County, New York",59.9,56.5,79792,2.2,8.0,1.3,36,081,028000,Queens,36081028000
"Census Tract 287, Queens County, New York",41.9,69.8,61472,14.9,3.4,2.6,36,081,028700,Queens,36081028700
"Census Tract 18, Kings County, New York",-666666666.0,-666666666.0,-666666666,-666666666.0,-666666666.0,-666666666.0,36,047,001800,Brooklyn,36047001800
"Census Tract 23, Kings County, New York",50.1,78.8,19066,51.5,26.6,4.2,36,047,002300,Brooklyn,36047002300
"Census Tract 29.01, Kings County, New York",41.8,87.1,17544,53.9,23.3,0.5,36,047,002901,Brooklyn,36047002901
"Census Tract 34, Kings County, New York",45.0,42.1,69848,20.0,3.7,0.6,36,047,003400,Brooklyn,36047003400
"Census Tract 38, Kings County, New York",38.4,32.2,85950,6.2,5.5,5.1,36,047,003800,Brooklyn,36047003800
"Census Tract 45, Kings County, New York",32.4,66.9,138281,3.7,3.7,9.8,36,047,004500,Brooklyn,36047004500
"Census Tract 52.02, Kings County, New York",47.7,62.7,68958,5.2,6.7,5.3,36,047,005202,Brooklyn,36047005202
"Census Tract 63, Kings County, New York",39.0,68.8,97614,7.8,3.9,4.5,36,047,006300,Brooklyn,36047006300
"Census Tract 1034, Kings County, New York",59.9,68.8,18158,43.5,25.7,3.4,36,047,103400,Brooklyn,36047103400
"Census Tract 1070, Kings County, New York",52.6,61.9,77768,3.6,11.7,0.0,36,047,107000,Brooklyn,36047107000
"Census Tract 1142.01, Kings County, New York",42.4,51.6,45682,20.6,8.7,7.0,36,047,114201,Brooklyn,36047114201
"Census Tract 739, Queens County, New York",40.3,62.4,74435,5.3,4.7,9.5,36,081,073900,Queens,36081073900
"Census Tract 741, Queens County, New York",41.9,58.6,69336,6.5,5.3,5.7,36,081,074100,Queens,36081074100
"Census Tract 743, Queens County, New York",38.3,51.8,58867,7.5,6.8,2.6,36,081,074300,Queens,36081074300
"Census Tract 745, Queens County, New York",36.6,44.1,34141,16.3,8.3,6.8,36,081,074500,Queens,36081074500
"Census Tract 779.04, Queens County, New York",42.4,49.2,59905,15.2,5.4,1.0,36,081,077904,Queens,36081077904
"Census Tract 809, Queens County, New York",40.5,40.3,66000,6.2,7.3,0.6,36,081,080900,Queens,36081080900
"Census Tract 853, Queens County, New York",39.4,49.1,37275,23.7,4.7,1.4,36,081,085300,Queens,36081085300
"Census Tract 294, Queens County, New York",45.3,38.8,65471,8.9,11.2,1.4,36,081,029400,Queens,36081029400
"Census Tract 306, Queens County, New York",49.3,45.0,66974,11.0,11.9,1.6,36,081,030600,Queens,36081030600
"Census Tract 309.03, Queens County, New York",35.2,58.9,54185,16.5,11.4,0.3,36,081,030903,Queens,36081030903
"Census Tract 309.04, Queens County, New York",31.6,57.8,53094,14.3,13.5,0.6,36,081,030904,Queens,36081030904
"Census Tract 357, Queens County, New York",38.8,48.0,47763,15.7,6.3,1.2,36,081,035700,Queens,36081035700
"Census Tract 383.01, Queens County, New York",-666666666.0,-666666666.0,-666666666,-666666666.0,-666666666.0,-666666666.0,36,081,038301,Queens,36081038301
"Census Tract 383.02, Queens County, New York",-666666666.0,-666666666.0,-666666666,-666666666.0,-666666666.0,-666666666.0,36,081,038302,Queens,36081038302
"Census Tract 424, Queens County, New York",46.9,47.1,79375,11.3,6.0,3.2,36,081,042400,Queens,36081042400
"Census Tract 444, Queens County, New York",47.1,68.6,37054,25.7,11.3,2.2,36,081,044400,Queens,36081044400
"Census Tract 531, Queens County, New York",47.7,46.2,41605,16.7,17.4,6.2,36,081,053100,Queens,36081053100
"Census Tract 415, Queens County, New York",45.4,60.0,40345,18.6,3.0,2.1,36,081,041500,Queens,36081041500
"Census Tract 426, Queens County, New York",-999999999.0,100.0,-666666666,62.7,0.0,0.0,36,081,042600,Queens,36081042600
"Census Tract 434, Queens County, New York",50.8,54.3,88500,3.5,11.8,3.1,36,081,043400,Queens,36081043400
"Census Tract 450, Queens County, New York",43.3,49.3,62383,9.1,7.2,2.7,36,081,045000,Queens,36081045000
"Census Tract 452, Queens County, New York",46.1,59.0,40313,24.8,10.2,4.7,36,081,045200,Queens,36081045200
"Census Tract 462, Queens County, New York",48.0,65.3,47524,15.6,10.4,1.5,36,081,046200,Queens,36081046200
"Census Tract 468, Queens County, New York",48.1,70.1,42089,13.1,13.0,3.4,36,081,046800,Queens,36081046800
"Census Tract 470, Queens County, New York",51.1,57.3,53409,10.9,15.8,0.8,36,081,047000,Queens,36081047000
"Census Tract 471, Queens County, New York",41.0,68.9,46855,20.9,4.5,0.0,36,081,047100,Queens,36081047100
"Census Tract 472, Queens County, New York",44.6,57.5,65592,13.1,9.7,3.8,36,081,047200,Queens,36081047200
"Census Tract 473, Queens County, New York",41.6,73.2,52500,17.0,8.1,2.7,36,081,047300,Queens,36081047300
"Census Tract 482, Queens County, New York",42.6,44.4,83333,7.8,14.8,2.0,36,081,048200,Queens,36081048200
"Census Tract 483, Queens County, New York",39.6,72.4,43019,20.1,5.8,1.5,36,081,048300,Queens,36081048300
"Census Tract 493.02, Queens County, New York",41.8,57.3,60268,12.0,11.1,0.0,36,081,049302,Queens,36081049302
"Census Tract 504, Queens County, New York",44.6,50.6,64554,8.6,15.9,0.0,36,081,050400,Queens,36081050400
"Census Tract 505, Queens County, New York",43.1,59.4,62625,12.9,10.5,1.1,36,081,050500,Queens,36081050500
"Census Tract 540, Queens County, New York",46.7,42.6,48040,19.3,16.2,2.0,36,081,054000,Queens,36081054000
"Census Tract 542, Queens County, New York",51.7,48.2,70798,16.1,6.7,3.7,36,081,054200,Queens,36081054200
"Census Tract 549, Queens County, New York",39.2,83.2,40797,27.6,8.9,1.2,36,081,054900,Queens,36081054900
"Census Tract 555, Queens County, New York",37.5,74.7,46169,23.1,7.6,0.6,36,081,055500,Queens,36081055500
"Census Tract 581, Queens County, New York",39.4,57.4,52560,13.4,4.0,0.5,36,081,058100,Queens,36081058100
"Census Tract 1479, Queens County, New York",37.0,31.4,82927,9.7,7.1,3.3,36,081,147900,Queens,36081147900
"Census Tract 1567, Queens County, New York",37.3,18.9,57500,30.9,3.4,15.6,36,081,156700,Queens,36081156700
"Census Tract 518, Queens County, New York",46.8,39.6,81397,7.0,19.6,0.0,36,081,051800,Queens,36081051800
"Census Tract 524, Queens County, New York",57.6,52.2,75393,9.9,11.8,3.6,36,081,052400,Queens,36081052400
"Census Tract 30, Queens County, New York",39.8,46.5,41071,21.9,16.9,4.9,36,081,003000,Queens,36081003000
"Census Tract 460, Queens County, New York",47.1,61.7,28113,31.3,7.9,2.6,36,081,046000,Queens,36081046000
"Census Tract 479, Queens County, New York",42.0,54.5,46956,17.4,5.0,0.4,36,081,047900,Queens,36081047900
"Census Tract 506, Queens County, New York",45.1,41.0,81875,4.0,11.3,0.8,36,081,050600,Queens,36081050600
"Census Tract 511, Queens County, New York",38.7,35.4,70337,4.1,6.2,0.6,36,081,051100,Queens,36081051100
"Census Tract 517, Queens County, New York",38.5,44.3,59412,14.6,10.3,0.5,36,081,051700,Queens,36081051700
"Census Tract 522, Queens County, New York",54.6,48.4,81923,6.9,14.5,4.8,36,081,052200,Queens,36081052200
"Census Tract 530, Queens County, New York",57.7,47.9,64583,7.8,9.0,1.7,36,081,053000,Queens,36081053000
"Census Tract 539, Queens County, New York",36.4,57.5,60833,21.2,8.5,4.5,36,081,053900,Queens,36081053900
"Census Tract 545, Queens County, New York",36.2,71.0,52214,19.9,6.0,0.4,36,081,054500,Queens,36081054500
"Census Tract 601, Queens County, New York",35.0,30.2,67330,13.3,13.7,0.7,36,081,060100,Queens,36081060100
"Census Tract 612, Queens County, New York",44.5,27.8,104500,6.8,5.6,4.3,36,081,061200,Queens,36081061200
"Census Tract 630, Queens County, New York",54.5,48.5,80417,3.3,6.7,0.0,36,081,063000,Queens,36081063000
"Census Tract 637, Queens County, New York",36.6,44.2,84738,5.9,11.3,0.6,36,081,063700,Queens,36081063700
"Census Tract 646, Queens County, New York",53.2,46.3,84393,8.8,12.3,1.6,36,081,064600,Queens,36081064600
"Census Tract 226, Richmond County, New York",43.8,25.8,93589,2.8,5.3,1.2,36,085,022600,Staten Island,36085022600
"Census Tract 231, Richmond County, New York",49.4,34.6,69113,19.4,8.0,0.8,36,085,023100,Staten Island,36085023100
"Census Tract 319.02, Richmond County, New York",40.9,44.5,22656,41.2,9.4,2.7,36,085,031902,Staten Island,36085031902
"Census Tract 132.01, Richmond County, New York",47.7,36.0,103889,4.3,6.1,1.4,36,085,013201,Staten Island,36085013201
"Census Tract 141, Richmond County, New York",47.1,48.8,50417,25.5,4.3,0.0,36,085,014100,Staten Island,36085014100
"Census Tract 6, Richmond County, New York",43.2,24.1,31655,18.0,8.1,1.8,36,085,000600,Staten Island,36085000600
"Census Tract 18, Richmond County, New York",17.4,8.0,65909,0.0,5.4,5.6,36,085,001800,Staten Island,36085001800
"Census Tract 33, Richmond County, New York",49.8,47.9,70875,9.9,6.9,2.3,36,085,003300,Staten Island,36085003300
"Census Tract 70, Richmond County, New York",37.7,28.4,63592,17.8,6.3,2.2,36,085,007000,Staten Island,36085007000
"Census Tract 105, Richmond County, New York",37.0,29.6,62697,17.4,15.4,5.4,36,085,010500,Staten Island,36085010500
"Census Tract 112.01, Richmond County, New York",40.1,35.0,83913,1.9,7.7,5.1,36,085,011201,Staten Island,36085011201
"Census Tract 156.02, Richmond County, New York",40.6,20.4,84063,2.4,6.5,1.5,36,085,015602,Staten Island,36085015602
"Census Tract 177, Richmond County, New York",35.3,19.3,104458,4.3,4.8,2.9,36,085,017700,Staten Island,36085017700
"Census Tract 273.01, Richmond County, New York",48.2,36.1,71724,16.9,5.3,3.3,36,085,027301,Staten Island,36085027301
"Census Tract 277.04, Richmond County, New York",40.8,22.0,99107,4.9,4.4,1.4,36,085,027704,Staten Island,36085027704
"Census Tract 323, Richmond County, New York",52.5,32.8,56406,20.5,10.7,0.0,36,085,032300,Staten Island,36085032300
"Census Tract 40, Richmond County, New York",49.7,47.5,42148,29.2,10.8,0.5,36,085,004000,Staten Island,36085004000
"Census Tract 128.04, Richmond County, New York",41.4,32.1,61406,9.1,5.6,0.0,36,085,012804,Staten Island,36085012804
"Census Tract 133.02, Richmond County, New York",30.3,30.7,44861,17.6,7.7,0.4,36,085,013302,Staten Island,36085013302
"Census Tract 154, Richmond County, New York",-666666666.0,-666666666.0,-666666666,-666666666.0,-666666666.0,-666666666.0,36,085,015400,Staten Island,36085015400
"Census Tract 169.01, Richmond County, New York",45.1,32.2,73272,7.4,8.8,0.9,36,085,016901,Staten Island,36085016901
"Census Tract 170.07, Richmond County, New York",52.0,28.5,77955,7.6,5.6,0.9,36,085,017007,Staten Island,36085017007
"Census Tract 273.02, Richmond County, New York",40.6,20.6,91023,10.1,4.3,5.2,36,085,027302,Staten Island,36085027302
"Census Tract 277.02, Richmond County, New York",42.4,25.9,65764,11.1,4.7,3.5,36,085,027702,Staten Island,36085027702
"Census Tract 279, Richmond County, New York",34.9,12.9,91500,7.5,7.9,5.0,36,085,027900,Staten Island,36085027900
"Census Tract 303.02, Richmond County, New York",46.6,35.1,76542,19.0,6.2,1.3,36,085,030302,Staten Island,36085030302
"Census Tract 146.05, Richmond County, New York",41.7,20.1,91129,4.3,2.3,1.8,36,085,014605,Staten Island,36085014605
"Census Tract 170.08, Richmond County, New York",42.8,23.3,83734,4.5,8.6,2.1,36,085,017008,Staten Island,36085017008
"Census Tract 160, Bronx County, New York",35.7,23.0,77216,3.3,6.9,4.1,36,005,016000,Bronx,36005016000
"Census Tract 162, Bronx County, New York",36.2,32.3,70682,14.4,9.3,3.4,36,005,016200,Bronx,36005016200
"Census Tract 165, Bronx County, New York",50.2,70.1,26645,33.9,11.0,3.7,36,005,016500,Bronx,36005016500
"Census Tract 175, Bronx County, New York",39.3,65.0,22000,45.8,14.4,3.1,36,005,017500,Bronx,36005017500
"Census Tract 215.01, Bronx County, New York",50.7,72.4,26076,38.1,12.9,2.3,36,005,021501,Bronx,36005021501
"Census Tract 215.02, Bronx County, New York",38.3,67.2,18507,44.6,16.4,7.2,36,005,021502,Bronx,36005021502
"Census Tract 230, Bronx County, New York",44.0,63.2,43929,23.5,15.3,4.5,36,005,023000,Bronx,36005023000
"Census Tract 253, Bronx County, New York",44.8,71.7,30957,24.5,18.4,2.8,36,005,025300,Bronx,36005025300
"Census Tract 261, Bronx County, New York",48.6,67.0,73688,8.0,6.5,1.3,36,005,026100,Bronx,36005026100
"Census Tract 279, Bronx County, New York",47.2,66.3,55573,11.6,9.5,5.4,36,005,027900,Bronx,36005027900
"Census Tract 300, Bronx County, New York",38.7,39.5,51806,11.1,5.7,4.0,36,005,030000,Bronx,36005030000
"Census Tract 319, Bronx County, New York",20.3,11.6,-666666666,84.3,13.3,6.5,36,005,031900,Bronx,36005031900
"Census Tract 340, Bronx County, New York",43.0,55.9,34290,31.4,16.7,2.7,36,005,034000,Bronx,36005034000
"Census Tract 344, Bronx County, New York",45.8,41.7,67813,14.6,13.0,1.3,36,005,034400,Bronx,36005034400
"Census Tract 350, Bronx County, New York",41.3,40.1,52344,15.4,20.7,8.4,36,005,035000,Bronx,36005035000
"Census Tract 361, Bronx County, New York",43.1,77.6,18799,44.6,36.2,2.8,36,005,036100,Bronx,36005036100
"Census Tract 365.01, Bronx County, New York",45.2,72.4,21122,45.9,30.3,3.0,36,005,036501,Bronx,36005036501
"Census Tract 108, Kings County, New York",49.7,65.3,32122,38.0,8.8,1.5,36,047,010800,Brooklyn,36047010800
"Census Tract 121, Kings County, New York",36.1,67.9,93393,10.0,2.4,10.4,36,047,012100,Brooklyn,36047012100
"Census Tract 129.02, Kings County, New York",35.7,77.4,86290,8.3,6.2,8.9,36,047,012902,Brooklyn,36047012902
"Census Tract 137, Kings County, New York",40.2,72.1,99648,15.1,6.6,7.4,36,047,013700,Brooklyn,36047013700
"Census Tract 143, Kings County, New York",35.6,59.7,80170,17.8,5.2,10.7,36,047,014300,Brooklyn,36047014300
"Census Tract 151, Kings County, New York",36.6,66.9,121742,6.9,8.1,11.3,36,047,015100,Brooklyn,36047015100
"Census Tract 154, Kings County, New York",-666666666.0,-666666666.0,-666666666,-666666666.0,-666666666.0,-666666666.0,36,047,015400,Brooklyn,36047015400
"Census Tract 157, Kings County, New York",40.7,67.1,102500,1.6,2.1,16.2,36,047,015700,Brooklyn,36047015700
"Census Tract 165, Kings County, New York",38.1,63.9,124714,5.6,4.2,12.1,36,047,016500,Brooklyn,36047016500
"Census Tract 178, Kings County, New York",51.3,65.4,55745,20.2,8.7,0.6,36,047,017800,Brooklyn,36047017800
"Census Tract 179, Kings County, New York",36.7,75.2,45947,18.5,9.6,8.0,36,047,017900,Brooklyn,36047017900
"Census Tract 191, Kings County, New York",37.7,70.7,78750,23.0,12.6,7.9,36,047,019100,Brooklyn,36047019100
"Census Tract 68, Kings County, New York",40.5,56.6,40857,29.7,9.7,0.8,36,047,006800,Brooklyn,36047006800
"Census Tract 71, Kings County, New York",41.1,70.9,36890,28.3,18.5,7.6,36,047,007100,Brooklyn,36047007100
"Census Tract 77, Kings County, New York",35.9,69.2,123592,5.0,5.1,7.7,36,047,007700,Brooklyn,36047007700
"Census Tract 492, Kings County, New York",39.0,50.0,46146,31.5,10.5,12.5,36,047,049200,Brooklyn,36047049200
"Census Tract 502.02, Kings County, New York",43.4,70.3,73081,9.0,2.1,6.5,36,047,050202,Brooklyn,36047050202
"Census Tract 474, Kings County, New York",27.0,23.0,52125,21.3,3.8,8.3,36,047,047400,Brooklyn,36047047400
"Census Tract 477, Kings County, New York",34.0,64.3,86932,11.4,2.3,10.9,36,047,047700,Brooklyn,36047047700
"Census Tract 482, Kings County, New York",41.9,48.4,31992,34.4,10.2,4.5,36,047,048200,Brooklyn,36047048200
"Census Tract 489, Kings County, New York",41.2,81.3,19518,37.5,21.2,0.0,36,047,048900,Brooklyn,36047048900
"Census Tract 490, Kings County, New York",40.4,61.9,35642,31.9,9.4,5.6,36,047,049000,Brooklyn,36047049000
"Census Tract 497, Kings County, New York",30.0,69.7,79934,10.1,5.3,14.4,36,047,049700,Brooklyn,36047049700
"Census Tract 501, Kings County, New York",30.6,65.0,73919,11.1,6.0,4.7,36,047,050100,Brooklyn,36047050100
"Census Tract 514, Kings County, New York",40.4,60.8,45685,16.3,10.9,3.4,36,047,051400,Brooklyn,36047051400
"Census Tract 788, Kings County, New York",45.0,77.3,40188,20.2,7.2,1.8,36,047,078800,Brooklyn,36047078800
"Census Tract 66, New York County, New York",27.8,49.3,64963,14.7,3.3,7.2,36,061,006600,Manhattan,36061006600
"Census Tract 68, New York County, New York",22.7,56.9,109526,11.2,8.3,12.1,36,061,006800,Manhattan,36061006800
"Census Tract 82, New York County, New York",24.1,30.1,107925,7.4,0.9,9.2,36,061,008200,Manhattan,36061008200
"Census Tract 84, New York County, New York",19.9,35.8,120938,15.4,7.3,10.3,36,061,008400,Manhattan,36061008400
"Census Tract 747, Queens County, New York",39.0,59.8,57375,9.0,8.2,0.6,36,081,074700,Queens,36081074700
"Census Tract 773, Queens County, New York",44.7,67.8,73566,9.2,4.6,5.5,36,081,077300,Queens,36081077300
"Census Tract 788, Queens County, New York",47.1,38.8,58750,14.5,17.2,2.4,36,081,078800,Queens,36081078800
"Census Tract 814, Queens County, New York",48.2,45.2,60204,17.7,10.0,1.0,36,081,081400,Queens,36081081400
"Census Tract 884, Queens County, New York",41.6,20.8,76420,8.2,5.2,0.0,36,081,088400,Queens,36081088400
"Census Tract 922, Queens County, New York",40.7,14.3,110938,1.9,6.4,4.3,36,081,092200,Queens,36081092200
"Census Tract 964, Queens County, New York",50.8,41.8,58320,15.6,10.8,1.0,36,081,096400,Queens,36081096400
"Census Tract 972.02, Queens County, New York",57.1,63.1,35531,28.3,12.4,6.6,36,081,097202,Queens,36081097202
"Census Tract 973, Queens County, New York",38.2,16.3,86500,1.6,5.9,7.8,36,081,097300,Queens,36081097300
"Census Tract 1017, Queens County, New York",39.3,25.1,69891,5.8,11.4,1.0,36,081,101700,Queens,36081101700
"Census Tract 8, Queens County, New York",46.8,56.7,66056,17.6,8.4,1.1,36,081,000800,Queens,36081000800
"Census Tract 14, Queens County, New York",46.7,56.6,61081,7.3,10.2,2.6,36,081,001400,Queens,36081001400
"Census Tract 16, Queens County, New York",43.5,57.1,61786,22.1,8.8,0.6,36,081,001600,Queens,36081001600
"Census Tract 19, Queens County, New York",28.9,83.1,117788,7.6,6.9,1.9,36,081,001900,Queens,36081001900
"Census Tract 26, Queens County, New York",40.4,44.5,73971,11.7,6.0,4.6,36,081,002600,Queens,36081002600
"Census Tract 28, Queens County, New York",43.9,55.5,57457,16.6,11.1,2.4,36,081,002800,Queens,36081002800
"Census Tract 292, Kings County, New York",49.8,64.1,42740,21.1,9.3,2.5,36,047,029200,Brooklyn,36047029200
"Census Tract 296, Kings County, New York",43.6,62.3,44875,15.6,9.4,0.7,36,047,029600,Brooklyn,36047029600
"Census Tract 304, Kings County, New York",46.9,64.7,37837,21.3,9.2,1.3,36,047,030400,Brooklyn,36047030400
"Census Tract 306, Kings County, New York",40.9,52.8,60132,22.9,7.5,0.7,36,047,030600,Brooklyn,36047030600
"Census Tract 319, Kings County, New York",35.9,69.5,40744,29.5,19.5,2.2,36,047,031900,Brooklyn,36047031900
"Census Tract 326, Kings County, New York",43.5,66.8,20833,40.7,21.7,1.2,36,047,032600,Brooklyn,36047032600
"Census Tract 337, Kings County, New York",41.6,64.7,48114,18.5,9.8,5.0,36,047,033700,Brooklyn,36047033700
"Census Tract 342, Kings County, New York",48.9,59.1,16656,40.7,25.3,2.2,36,047,034200,Brooklyn,36047034200
"Census Tract 349, Kings County, New York",43.0,78.9,29754,31.5,9.3,1.5,36,047,034900,Brooklyn,36047034900
"Census Tract 419, Kings County, New York",39.0,62.4,35877,32.2,20.0,2.0,36,047,041900,Brooklyn,36047041900
"Census Tract 429, Kings County, New York",41.4,67.3,45382,26.3,13.6,3.1,36,047,042900,Brooklyn,36047042900
"Census Tract 433, Kings County, New York",41.9,81.7,37882,27.2,13.8,2.1,36,047,043300,Brooklyn,36047043300
"Census Tract 493, Kings County, New York",35.2,69.0,30613,29.6,10.8,5.5,36,047,049300,Brooklyn,36047049300
"Census Tract 16, New York County, New York",29.4,52.9,31452,34.6,4.7,4.5,36,061,001600,Manhattan,36061001600
"Census Tract 21, New York County, New York",24.6,53.7,250001,2.9,1.6,8.2,36,061,002100,Manhattan,36061002100
"Census Tract 28, New York County, New York",33.8,61.7,30056,34.7,12.0,1.5,36,061,002800,Manhattan,36061002800
"Census Tract 13, New York County, New York",22.8,59.4,123558,7.4,3.3,6.9,36,061,001300,Manhattan,36061001300
"Census Tract 14.02, New York County, New York",32.8,71.4,24375,31.0,5.2,7.6,36,061,001402,Manhattan,36061001402
"Census Tract 22.01, New York County, New York",36.4,75.1,34988,27.7,13.0,1.7,36,061,002201,Manhattan,36061002201
"Census Tract 30.01, New York County, New York",28.8,64.4,62199,16.0,9.3,2.8,36,061,003001,Manhattan,36061003001
"Census Tract 31, New York County, New York",23.5,54.9,183500,13.1,12.4,6.1,36,061,003100,Manhattan,36061003100
"Census Tract 34, New York County, New York",30.0,55.5,67166,24.1,5.1,6.0,36,061,003400,Manhattan,36061003400
"Census Tract 7, Queens County, New York",30.4,74.6,93670,6.1,6.5,3.4,36,081,000700,Queens,36081000700
"Census Tract 79, Queens County, New York",39.2,72.7,45886,22.3,4.2,3.6,36,081,007900,Queens,36081007900
"Census Tract 55, Queens County, New York",41.4,68.3,58690,18.0,7.5,0.0,36,081,005500,Queens,36081005500
"Census Tract 40.02, Queens County, New York",47.7,50.3,54931,24.7,10.6,1.2,36,081,004002,Queens,36081004002
"Census Tract 804, Kings County, New York",43.1,69.7,31941,29.4,15.8,5.6,36,047,080400,Brooklyn,36047080400
"Census Tract 826, Kings County, New York",42.2,62.2,44120,19.0,15.3,3.5,36,047,082600,Brooklyn,36047082600
"Census Tract 856, Kings County, New York",42.0,70.2,52554,10.3,10.0,0.7,36,047,085600,Brooklyn,36047085600
"Census Tract 870, Kings County, New York",48.6,63.3,33750,22.5,13.5,6.3,36,047,087000,Brooklyn,36047087000
"Census Tract 886, Kings County, New York",49.7,65.9,45208,22.2,12.0,3.8,36,047,088600,Brooklyn,36047088600
"Census Tract 888, Kings County, New York",52.2,63.9,43046,17.5,11.3,6.4,36,047,088800,Brooklyn,36047088800
"Census Tract 912, Kings County, New York",49.2,75.0,20360,49.7,23.1,1.6,36,047,091200,Brooklyn,36047091200
"Census Tract 950, Kings County, New York",48.7,55.8,68854,11.5,11.0,2.1,36,047,095000,Brooklyn,36047095000
"Census Tract 560, Kings County, New York",52.3,58.0,45788,18.2,8.4,7.1,36,047,056000,Brooklyn,36047056000
"Census Tract 551, Kings County, New York",32.7,64.7,63613,13.8,10.7,4.5,36,047,055100,Brooklyn,36047055100
"Census Tract 554, Kings County, New York",37.2,59.1,51830,21.3,9.1,6.2,36,047,055400,Brooklyn,36047055400
"Census Tract 562, Kings County, New York",34.1,36.0,66250,10.9,4.6,2.7,36,047,056200,Brooklyn,36047056200
"Census Tract 574, Kings County, New York",41.6,50.4,83295,11.8,6.7,0.0,36,047,057400,Brooklyn,36047057400
"Census Tract 200, Bronx County, New York",50.1,64.4,44771,27.4,14.7,3.5,36,005,020000,Bronx,36005020000
"Census Tract 205.01, Bronx County, New York",39.1,64.6,23160,35.6,12.6,0.6,36,005,020501,Bronx,36005020501
"Census Tract 205.02, Bronx County, New York",45.9,68.0,15343,43.0,7.9,2.8,36,005,020502,Bronx,36005020502
"Census Tract 209, Bronx County, New York",38.3,65.8,27311,35.8,11.0,0.0,36,005,020900,Bronx,36005020900
"Census Tract 210.01, Bronx County, New York",46.5,66.8,48396,14.5,11.6,1.1,36,005,021001,Bronx,36005021001
"Census Tract 210.02, Bronx County, New York",49.0,66.6,43313,18.5,15.4,3.8,36,005,021002,Bronx,36005021002
"Census Tract 217, Bronx County, New York",42.5,66.9,22721,51.1,14.3,4.3,36,005,021700,Bronx,36005021700
"Census Tract 623, Queens County, New York",38.6,53.6,68207,15.2,6.2,0.5,36,081,062300,Queens,36081062300
"Census Tract 629, Queens County, New York",33.4,49.3,60156,9.1,4.7,1.4,36,081,062900,Queens,36081062900
"Census Tract 639, Queens County, New York",40.3,46.3,68472,7.7,11.3,0.0,36,081,063900,Queens,36081063900
"Census Tract 641.02, Queens County, New York",-999999999.0,43.2,-888888888,0.0,0.0,0.0,36,081,064102,Queens,36081064102
"Census Tract 669, Queens County, New York",33.7,32.3,74259,4.2,6.1,0.7,36,081,066900,Queens,36081066900
"Census Tract 682, Queens County, New York",53.4,38.4,78000,9.4,4.0,4.6,36,081,068200,Queens,36081068200
"Census Tract 695, Queens County, New York",41.2,50.7,54309,9.6,5.1,2.3,36,081,069500,Queens,36081069500
"Census Tract 703, Queens County, New York",42.8,53.1,56818,4.4,7.0,5.5,36,081,070300,Queens,36081070300
"Census Tract 182, Queens County, New York",45.7,46.1,62679,10.6,12.6,3.9,36,081,018200,Queens,36081018200
"Census Tract 186, Queens County, New York",40.6,49.9,63704,19.0,12.4,3.0,36,081,018600,Queens,36081018600
"Census Tract 208, Queens County, New York",46.4,58.5,58235,11.9,6.5,0.4,36,081,020800,Queens,36081020800
"Census Tract 236, Queens County, New York",49.0,64.8,50991,15.9,8.1,1.3,36,081,023600,Queens,36081023600
"Census Tract 249, Queens County, New York",36.2,73.1,53894,14.3,9.8,1.4,36,081,024900,Queens,36081024900
"Census Tract 258, Queens County, New York",42.8,46.7,67596,12.7,15.8,0.0,36,081,025800,Queens,36081025800
"Census Tract 264, Queens County, New York",49.1,47.5,58147,16.1,12.5,3.0,36,081,026400,Queens,36081026400
"Census Tract 267, Queens County, New York",39.4,83.0,48732,18.3,6.5,1.0,36,081,026700,Queens,36081026700
"Census Tract 272, Queens County, New York",45.2,61.3,59677,13.1,10.4,1.3,36,081,027200,Queens,36081027200
"Census Tract 274, Queens County, New York",48.1,48.3,58188,5.4,11.6,0.0,36,081,027400,Queens,36081027400
"Census Tract 277, Queens County, New York",41.2,66.6,39399,18.0,6.1,1.2,36,081,027700,Queens,36081027700
"Census Tract 330, Queens County, New York",60.1,47.8,78269,14.6,12.6,1.8,36,081,033000,Queens,36081033000
"Census Tract 351, Queens County, New York",41.1,55.6,58433,15.9,13.3,1.2,36,081,035100,Queens,36081035100
"Census Tract 358, Queens County, New York",49.9,37.0,75368,7.4,7.7,3.0,36,081,035800,Queens,36081035800
"Census Tract 366, Queens County, New York",49.1,39.1,69250,11.0,16.4,3.2,36,081,036600,Queens,36081036600
"Census Tract 373, Queens County, New York",46.9,55.6,56320,17.3,2.5,1.0,36,081,037300,Queens,36081037300
"Census Tract 381, Queens County, New York",43.7,68.4,48311,27.2,6.5,0.0,36,081,038100,Queens,36081038100
"Census Tract 398, Queens County, New York",45.8,48.4,62375,4.3,12.9,4.2,36,081,039800,Queens,36081039800
"Census Tract 427, Queens County, New York",40.2,64.1,43031,27.9,1.5,1.0,36,081,042700,Queens,36081042700
"Census Tract 440, Queens County, New York",45.1,56.1,52237,19.6,18.2,0.7,36,081,044000,Queens,36081044000
"Census Tract 446.02, Queens County, New York",42.9,64.6,42384,39.0,15.2,2.9,36,081,044602,Queens,36081044602
"Census Tract 454, Queens County, New York",43.3,51.1,53458,14.4,12.7,1.9,36,081,045400,Queens,36081045400
"Census Tract 846, Kings County, New York",46.9,63.0,48182,21.4,7.2,2.2,36,047,084600,Brooklyn,36047084600
"Census Tract 902, Kings County, New York",42.5,53.7,42734,40.4,19.3,4.3,36,047,090200,Brooklyn,36047090200
"Census Tract 906, Kings County, New York",52.1,68.9,15674,47.9,21.5,2.8,36,047,090600,Brooklyn,36047090600
"Census Tract 160, Kings County, New York",39.3,55.8,60698,20.7,9.5,1.8,36,047,016000,Brooklyn,36047016000
"Census Tract 180, Kings County, New York",47.8,57.9,57194,27.0,7.1,1.3,36,047,018000,Brooklyn,36047018000
"Census Tract 203, Kings County, New York",38.7,74.7,106250,16.5,13.1,5.2,36,047,020300,Brooklyn,36047020300
"Census Tract 205, Kings County, New York",37.6,65.4,78000,6.8,4.2,6.0,36,047,020500,Brooklyn,36047020500
"Census Tract 214, Kings County, New York",50.8,56.8,55184,31.5,3.6,5.6,36,047,021400,Brooklyn,36047021400
"Census Tract 217, Kings County, New York",37.9,75.3,54595,15.4,10.1,3.4,36,047,021700,Brooklyn,36047021700
"Census Tract 50, Queens County, New York",46.8,48.6,-666666666,0.0,0.0,0.0,36,081,005000,Queens,36081005000
"Census Tract 96, Queens County, New York",44.5,46.1,73533,10.6,9.9,0.7,36,081,009600,Queens,36081009600
"Census Tract 111, Queens County, New York",40.8,65.5,61078,11.8,6.8,8.7,36,081,011100,Queens,36081011100
"Census Tract 116, Queens County, New York",49.7,50.5,59125,9.4,10.1,2.9,36,081,011600,Queens,36081011600
"Census Tract 121, Queens County, New York",37.5,56.6,58209,10.7,6.5,1.1,36,081,012100,Queens,36081012100
"Census Tract 137, Queens County, New York",39.3,59.3,60208,16.0,5.3,3.4,36,081,013700,Queens,36081013700
"Census Tract 149, Queens County, New York",41.5,76.8,62955,8.1,11.5,3.6,36,081,014900,Queens,36081014900
"Census Tract 154, Queens County, New York",42.3,39.7,53095,18.1,8.9,2.5,36,081,015400,Queens,36081015400
"Census Tract 212, Queens County, New York",46.2,68.8,38750,22.7,15.0,1.0,36,081,021200,Queens,36081021200
"Census Tract 220.02, Queens County, New York",46.6,58.9,57287,14.1,12.5,1.9,36,081,022002,Queens,36081022002
"Census Tract 245, Queens County, New York",42.0,73.0,60833,8.1,6.2,1.0,36,081,024500,Queens,36081024500
"Census Tract 1189, Queens County, New York",38.0,36.7,70938,14.9,4.7,1.7,36,081,118900,Queens,36081118900
"Census Tract 1159, Queens County, New York",40.7,39.5,60469,18.7,7.8,1.5,36,081,115900,Queens,36081115900
"Census Tract 1167, Queens County, New York",36.2,33.9,37356,26.6,4.6,4.7,36,081,116700,Queens,36081116700
"Census Tract 1171, Queens County, New York",38.1,46.8,40508,22.0,4.4,2.1,36,081,117100,Queens,36081117100
"Census Tract 1199, Queens County, New York",46.4,36.3,70268,17.5,12.7,6.6,36,081,119900,Queens,36081119900
"Census Tract 1207, Queens County, New York",41.5,33.9,74464,9.6,3.5,5.6,36,081,120700,Queens,36081120700
"Census Tract 1223, Queens County, New York",36.1,29.1,68864,12.1,7.5,2.5,36,081,122300,Queens,36081122300
"Census Tract 1301, Queens County, New York",44.1,30.7,63189,7.1,3.1,1.8,36,081,130100,Queens,36081130100
"Census Tract 1333, Queens County, New York",46.7,37.7,89856,7.1,8.4,4.5,36,081,133300,Queens,36081133300
"Census Tract 1347, Queens County, New York",40.2,29.0,58604,15.5,7.9,1.9,36,081,134700,Queens,36081134700
"Census Tract 707, Queens County, New York",41.2,43.9,81042,8.2,8.8,6.0,36,081,070700,Queens,36081070700
"Census Tract 709, Queens County, New York",46.3,63.6,97039,5.4,5.6,2.6,36,081,070900,Queens,36081070900
"Census Tract 729, Queens County, New York",46.1,41.4,86719,7.7,5.6,0.8,36,081,072900,Queens,36081072900
"Census Tract 775, Queens County, New York",40.2,39.6,69750,7.8,2.7,5.3,36,081,077500,Queens,36081077500
"Census Tract 792, Queens County, New York",57.6,39.1,60625,16.7,17.2,2.2,36,081,079200,Queens,36081079200
"Census Tract 793, Queens County, New York",-666666666.0,-666666666.0,-666666666,-666666666.0,-666666666.0,-666666666.0,36,081,079300,Queens,36081079300
"Census Tract 803.01, Queens County, New York",43.5,42.1,50707,12.0,7.2,2.0,36,081,080301,Queens,36081080301
"Census Tract 861, Queens County, New York",44.6,50.5,40610,18.9,3.9,1.4,36,081,086100,Queens,36081086100
"Census Tract 864, Queens County, New York",48.0,56.5,55385,13.2,8.8,1.1,36,081,086400,Queens,36081086400
"Census Tract 928, Queens County, New York",37.2,14.0,123692,1.2,3.5,2.9,36,081,092800,Queens,36081092800
"Census Tract 939, Queens County, New York",44.1,33.9,72908,10.1,7.9,7.5,36,081,093900,Queens,36081093900
"Census Tract 945, Queens County, New York",36.7,19.5,72243,12.8,6.8,1.2,36,081,094500,Queens,36081094500
"Census Tract 987, Queens County, New York",32.8,17.5,71250,2.1,6.7,0.6,36,081,098700,Queens,36081098700
"Census Tract 999, Queens County, New York",-666666666.0,-666666666.0,-666666666,-666666666.0,-666666666.0,-666666666.0,36,081,099900,Queens,36081099900
"Census Tract 1113, Queens County, New York",41.1,26.6,79917,8.8,11.9,3.3,36,081,111300,Queens,36081111300
"Census Tract 1141, Queens County, New York",42.9,37.2,111250,4.2,8.2,4.1,36,081,114100,Queens,36081114100
"Census Tract 1155, Queens County, New York",39.5,34.4,71250,9.7,4.3,3.6,36,081,115500,Queens,36081115500
"Census Tract 1157, Queens County, New York",40.8,32.1,53636,15.4,7.1,2.4,36,081,115700,Queens,36081115700
"Census Tract 1185, Queens County, New York",37.6,37.9,51731,15.2,6.1,4.7,36,081,118500,Queens,36081118500
"Census Tract 1187, Queens County, New York",39.5,46.6,42222,15.9,8.8,2.9,36,081,118700,Queens,36081118700
"Census Tract 1195, Queens County, New York",45.2,46.5,81618,3.0,12.5,0.0,36,081,119500,Queens,36081119500
"Census Tract 1227.01, Queens County, New York",43.0,39.7,51045,13.6,12.0,1.9,36,081,122701,Queens,36081122701
"Census Tract 1283, Queens County, New York",-999999999.0,0.0,32188,0.0,0.0,44.4,36,081,128300,Queens,36081128300
"Census Tract 1385.01, Queens County, New York",46.4,29.5,65625,6.3,5.9,2.0,36,081,138501,Queens,36081138501
"Census Tract 1429, Queens County, New York",44.6,32.8,72222,9.1,5.6,3.6,36,081,142900,Queens,36081142900
"Census Tract 1435, Queens County, New York",37.8,27.6,76528,6.2,3.1,2.5,36,081,143500,Queens,36081143500
"Census Tract 1451.01, Queens County, New York",45.7,22.0,78261,7.8,0.8,4.6,36,081,145101,Queens,36081145101
"Census Tract 1467, Queens County, New York",36.4,34.5,69071,10.8,5.9,3.2,36,081,146700,Queens,36081146700
"Census Tract 449.01, Bronx County, New York",47.2,45.4,67083,15.3,12.0,4.7,36,005,044901,Bronx,36005044901
"Census Tract 462.01, Bronx County, New York",54.9,57.1,43205,6.9,11.8,1.2,36,005,046201,Bronx,36005046201
"Census Tract 462.02, Bronx County, New York",48.5,57.9,40497,19.8,12.5,4.9,36,005,046202,Bronx,36005046202
"Census Tract 225, Bronx County, New York",39.3,72.7,29302,36.1,15.6,1.0,36,005,022500,Bronx,36005022500
"Census Tract 228, Bronx County, New York",44.3,60.0,45069,17.6,12.8,4.9,36,005,022800,Bronx,36005022800
"Census Tract 232, Bronx County, New York",46.8,48.4,44318,23.4,17.6,2.2,36,005,023200,Bronx,36005023200
"Census Tract 46, Bronx County, New York",33.7,47.1,40950,25.5,13.4,0.0,36,005,004600,Bronx,36005004600
"Census Tract 60, Bronx County, New York",40.4,61.2,41190,35.2,11.1,4.7,36,005,006000,Bronx,36005006000
"Census Tract 70, Bronx County, New York",45.4,72.5,34191,30.1,11.8,4.0,36,005,007000,Bronx,36005007000
"Census Tract 73, Bronx County, New York",46.2,61.8,18358,50.7,20.2,12.0,36,005,007300,Bronx,36005007300
"Census Tract 74, Bronx County, New York",45.4,46.4,44455,19.3,7.1,2.7,36,005,007400,Bronx,36005007400
"Census Tract 75, Bronx County, New York",38.8,63.1,25452,31.7,8.5,2.7,36,005,007500,Bronx,36005007500
"Census Tract 77, Bronx County, New York",40.2,60.2,26486,37.8,13.6,3.1,36,005,007700,Bronx,36005007700
"Census Tract 494, Kings County, New York",41.0,62.4,47397,19.6,8.6,2.8,36,047,049400,Brooklyn,36047049400
"Census Tract 498, Kings County, New York",43.1,67.3,67907,18.2,6.3,3.6,36,047,049800,Brooklyn,36047049800
"Census Tract 507, Kings County, New York",26.2,31.2,30625,52.1,11.6,3.6,36,047,050700,Brooklyn,36047050700
"Census Tract 509, Kings County, New York",26.3,25.2,32762,57.0,3.8,7.1,36,047,050900,Brooklyn,36047050900
"Census Tract 36, Richmond County, New York",44.1,46.8,70375,11.6,3.4,2.6,36,085,003600,Staten Island,36085003600
"Census Tract 112.02, Richmond County, New York",39.0,25.4,74964,12.3,6.8,2.4,36,085,011202,Staten Island,36085011202
"Census Tract 291.03, Richmond County, New York",38.3,23.4,73611,5.5,8.1,3.4,36,085,029103,Staten Island,36085029103
"Census Tract 485, Queens County, New York",46.8,76.6,53194,11.3,7.8,3.3,36,081,048500,Queens,36081048500
"Census Tract 496, Queens County, New York",44.4,32.6,73013,10.3,15.3,2.0,36,081,049600,Queens,36081049600
"Census Tract 500, Queens County, New York",46.3,49.1,40044,24.2,17.1,3.9,36,081,050000,Queens,36081050000
"Census Tract 508, Queens County, New York",55.2,43.1,66250,10.9,19.8,0.0,36,081,050800,Queens,36081050800
"Census Tract 155, Queens County, New York",35.6,75.1,74271,12.4,6.1,3.6,36,081,015500,Queens,36081015500
"Census Tract 172, Queens County, New York",44.7,39.1,62404,7.4,8.4,2.3,36,081,017200,Queens,36081017200
"Census Tract 334.02, Queens County, New York",48.8,41.2,45991,10.0,9.1,7.2,36,081,033402,Queens,36081033402
"Census Tract 339, Queens County, New York",45.0,65.7,70333,6.7,8.0,1.9,36,081,033900,Queens,36081033900
"Census Tract 365, Queens County, New York",36.3,62.1,49375,23.3,12.4,1.2,36,081,036500,Queens,36081036500
"Census Tract 368, Queens County, New York",47.6,40.7,71923,7.2,10.8,3.2,36,081,036800,Queens,36081036800
"Census Tract 400, Queens County, New York",45.8,33.5,73516,6.4,7.0,4.7,36,081,040000,Queens,36081040000
"Census Tract 402, Queens County, New York",55.7,42.1,81607,13.9,10.5,0.0,36,081,040200,Queens,36081040200
"Census Tract 595, Queens County, New York",39.2,47.6,52159,17.2,12.7,1.8,36,081,059500,Queens,36081059500
"Census Tract 564, Queens County, New York",37.8,29.3,52536,5.1,9.6,0.0,36,081,056400,Queens,36081056400
"Census Tract 592, Queens County, New York",48.7,52.1,81447,3.0,12.1,0.0,36,081,059200,Queens,36081059200
"Census Tract 610, Queens County, New York",40.6,30.0,71766,0.8,6.7,3.0,36,081,061000,Queens,36081061000
"Census Tract 614, Queens County, New York",57.1,43.7,101473,2.0,5.2,0.7,36,081,061400,Queens,36081061400
"Census Tract 632, Queens County, New York",52.2,46.7,84167,6.4,8.7,1.5,36,081,063200,Queens,36081063200
"Census Tract 633.01, Queens County, New York",36.1,35.0,62604,8.1,13.6,2.2,36,081,063301,Queens,36081063301
"Census Tract 641.01, Queens County, New York",50.3,51.0,55329,11.8,6.6,1.8,36,081,064101,Queens,36081064101
"Census Tract 89, Bronx County, New York",44.3,67.7,20849,32.5,6.5,4.1,36,005,008900,Bronx,36005008900
"Census Tract 98, Bronx County, New York",48.3,49.8,57438,23.3,12.7,0.0,36,005,009800,Bronx,36005009800
"Census Tract 125, Bronx County, New York",39.3,61.6,26348,42.9,13.5,3.0,36,005,012500,Bronx,36005012500
"Census Tract 149, Bronx County, New York",41.6,52.9,27212,48.5,18.1,4.2,36,005,014900,Bronx,36005014900
"Census Tract 197, Bronx County, New York",40.3,74.3,25875,35.7,9.3,3.1,36,005,019700,Bronx,36005019700
"Census Tract 220, Bronx County, New York",42.0,81.6,23167,52.9,19.5,0.0,36,005,022000,Bronx,36005022000
"Census Tract 227.02, Bronx County, New York",38.1,68.5,23500,34.8,17.4,10.1,36,005,022702,Bronx,36005022702
"Census Tract 231, Bronx County, New York",42.1,82.4,24250,42.8,23.3,0.0,36,005,023100,Bronx,36005023100
"Census Tract 235.01, Bronx County, New York",37.5,57.6,27316,50.8,10.2,1.5,36,005,023501,Bronx,36005023501
"Census Tract 16, Bronx County, New York",38.8,45.5,32312,26.3,8.7,1.7,36,005,001600,Bronx,36005001600
"Census Tract 24, Bronx County, New York",-999999999.0,100.0,-666666666,0.0,0.0,0.0,36,005,002400,Bronx,36005002400
"Census Tract 31, Bronx County, New York",40.1,65.5,37250,18.1,6.6,0.0,36,005,003100,Bronx,36005003100
"Census Tract 38, Bronx County, New York",41.3,47.3,37685,31.3,13.1,1.1,36,005,003800,Bronx,36005003800
"Census Tract 41, Bronx County, New York",43.5,75.1,18636,53.3,19.2,0.8,36,005,004100,Bronx,36005004100
"Census Tract 119, Bronx County, New York",44.3,76.8,22097,39.3,15.6,7.0,36,005,011900,Bronx,36005011900
"Census Tract 115.02, Bronx County, New York",40.5,65.3,21765,47.6,18.5,2.7,36,005,011502,Bronx,36005011502
"Census Tract 141, Bronx County, New York",43.8,70.6,32500,26.2,13.1,2.0,36,005,014100,Bronx,36005014100
"Census Tract 151, Bronx County, New York",42.4,58.6,30339,28.2,10.4,1.8,36,005,015100,Bronx,36005015100
"Census Tract 153, Bronx County, New York",43.7,71.1,19630,50.8,15.1,1.5,36,005,015300,Bronx,36005015300
"Census Tract 221.01, Bronx County, New York",40.1,73.5,25870,41.8,11.6,6.2,36,005,022101,Bronx,36005022101
"Census Tract 221.02, Bronx County, New York",39.7,76.4,18664,49.7,20.5,3.1,36,005,022102,Bronx,36005022102
"Census Tract 222, Bronx County, New York",43.1,65.8,40331,28.7,14.0,0.7,36,005,022200,Bronx,36005022200
"Census Tract 238, Bronx County, New York",40.9,46.1,50074,28.6,16.9,5.3,36,005,023800,Bronx,36005023800
"Census Tract 224.03, Bronx County, New York",45.9,65.8,38333,25.2,15.7,6.6,36,005,022403,Bronx,36005022403
"Census Tract 237.03, Bronx County, New York",40.7,71.2,27128,43.7,17.3,4.3,36,005,023703,Bronx,36005023703
"Census Tract 245.01, Bronx County, New York",44.8,70.8,24864,45.4,19.4,2.5,36,005,024501,Bronx,36005024501
"Census Tract 245.02, Bronx County, New York",39.4,62.5,25605,54.5,15.3,10.1,36,005,024502,Bronx,36005024502
"Census Tract 224.04, Bronx County, New York",45.9,63.8,42070,20.6,6.4,2.2,36,005,022404,Bronx,36005022404
"Census Tract 237.04, Bronx County, New York",43.8,58.8,20918,55.0,7.2,7.0,36,005,023704,Bronx,36005023704
"Census Tract 267.01, Bronx County, New York",45.0,68.0,37061,29.4,12.0,1.1,36,005,026701,Bronx,36005026701
"Census Tract 267.02, Bronx County, New York",40.9,56.1,39432,27.6,13.5,7.9,36,005,026702,Bronx,36005026702
"Census Tract 274.01, Bronx County, New York",39.2,32.4,80673,4.5,9.9,0.5,36,005,027401,Bronx,36005027401
"Census Tract 274.02, Bronx County, New York",34.9,22.8,71849,9.4,4.4,5.2,36,005,027402,Bronx,36005027402
"Census Tract 149, Kings County, New York",40.9,66.2,103378,5.9,6.6,6.4,36,047,014900,Brooklyn,36047014900
"Census Tract 150, Kings County, New York",39.7,48.9,82188,8.9,2.9,4.0,36,047,015000,Brooklyn,36047015000
"Census Tract 153, Kings County, New York",37.1,67.6,115000,4.4,4.9,11.7,36,047,015300,Brooklyn,36047015300
"Census Tract 163, Kings County, New York",38.6,68.6,86234,8.1,8.9,12.4,36,047,016300,Brooklyn,36047016300
"Census Tract 5.01, Kings County, New York",29.7,69.4,110700,8.0,7.0,8.6,36,047,000501,Brooklyn,36047000501
"Census Tract 5.02, Kings County, New York",30.0,73.9,91964,7.3,7.9,8.2,36,047,000502,Brooklyn,36047000502
"Census Tract 15, Kings County, New York",33.5,70.9,90616,26.3,11.0,6.3,36,047,001500,Brooklyn,36047001500
"Census Tract 356.01, Kings County, New York",36.4,55.2,35954,17.4,12.1,0.0,36,047,035601,Brooklyn,36047035601
"Census Tract 356.02, Kings County, New York",45.0,49.4,32348,17.7,4.7,2.9,36,047,035602,Brooklyn,36047035602
"Census Tract 374.01, Kings County, New York",43.4,48.9,51857,10.2,8.3,0.9,36,047,037401,Brooklyn,36047037401
"Census Tract 374.02, Kings County, New York",47.3,53.9,30449,21.7,8.6,1.9,36,047,037402,Brooklyn,36047037402
"Census Tract 44, Kings County, New York",32.1,39.5,95341,4.9,6.0,4.7,36,047,004400,Brooklyn,36047004400
"Census Tract 53, Kings County, New York",38.2,44.6,72841,22.2,9.4,9.7,36,047,005300,Brooklyn,36047005300
"Census Tract 119, Kings County, New York",34.0,69.9,82969,7.9,7.2,10.9,36,047,011900,Brooklyn,36047011900
"Census Tract 152, Kings County, New York",39.4,45.7,70598,10.2,11.7,7.2,36,047,015200,Brooklyn,36047015200
"Census Tract 166, Kings County, New York",33.4,22.8,80395,4.5,9.7,3.6,36,047,016600,Brooklyn,36047016600
"Census Tract 211, Kings County, New York",42.1,54.7,43000,18.7,9.2,4.4,36,047,021100,Brooklyn,36047021100
"Census Tract 126, Kings County, New York",43.6,59.2,37179,31.1,8.3,2.9,36,047,012600,Brooklyn,36047012600
"Census Tract 271, Kings County, New York",42.4,69.9,37104,23.7,10.7,5.6,36,047,027100,Brooklyn,36047027100
"Census Tract 305, Kings County, New York",42.0,79.2,65701,19.3,7.0,2.3,36,047,030500,Brooklyn,36047030500
"Census Tract 242, Kings County, New York",35.1,35.1,38333,33.4,5.0,5.1,36,047,024200,Brooklyn,36047024200
"Census Tract 244, Kings County, New York",36.4,51.0,48611,41.6,7.0,2.4,36,047,024400,Brooklyn,36047024400
"Census Tract 261, Kings County, New York",38.5,62.7,38859,23.1,6.7,3.0,36,047,026100,Brooklyn,36047026100
"Census Tract 277, Kings County, New York",44.2,77.3,37875,37.9,22.2,3.5,36,047,027700,Brooklyn,36047027700
"Census Tract 282, Kings County, New York",54.3,73.3,41974,19.4,8.9,1.1,36,047,028200,Brooklyn,36047028200
"Census Tract 288, Kings County, New York",43.5,66.2,41786,22.0,5.6,0.4,36,047,028800,Brooklyn,36047028800
"Census Tract 290, Kings County, New York",51.4,60.8,45179,21.3,9.6,1.8,36,047,029000,Brooklyn,36047029000
"Census Tract 265, Kings County, New York",42.6,62.9,51050,27.6,12.1,4.9,36,047,026500,Brooklyn,36047026500
"Census Tract 406, Kings County, New York",43.4,53.8,44107,10.9,10.0,7.6,36,047,040600,Brooklyn,36047040600
"Census Tract 476, Kings County, New York",27.3,24.0,45588,29.6,9.5,3.9,36,047,047600,Brooklyn,36047047600
"Census Tract 542, Kings County, New York",37.9,56.6,39468,31.9,11.0,2.3,36,047,054200,Brooklyn,36047054200
"Census Tract 219, Kings County, New York",39.7,78.5,55758,21.0,8.3,2.2,36,047,021900,Brooklyn,36047021900
"Census Tract 253, Kings County, New York",39.6,70.9,43491,25.9,11.5,5.5,36,047,025300,Brooklyn,36047025300
"Census Tract 429.02, Bronx County, New York",47.7,65.8,27553,34.8,23.4,2.1,36,005,042902,Bronx,36005042902
"Census Tract 330, Bronx County, New York",46.9,73.8,37811,25.9,9.3,1.3,36,005,033000,Bronx,36005033000
"Census Tract 358, Bronx County, New York",41.8,40.1,64957,6.1,18.2,3.4,36,005,035800,Bronx,36005035800
"Census Tract 371, Bronx County, New York",42.3,56.1,19293,36.0,16.1,9.5,36,005,037100,Bronx,36005037100
"Census Tract 385, Bronx County, New York",45.1,66.1,20229,54.0,17.3,3.2,36,005,038500,Bronx,36005038500
"Census Tract 421, Bronx County, New York",36.1,56.6,36768,30.1,11.3,3.6,36,005,042100,Bronx,36005042100
"Census Tract 451.01, Bronx County, New York",34.5,48.1,62286,3.1,7.8,1.9,36,005,045101,Bronx,36005045101
"Census Tract 118, Bronx County, New York",34.7,25.6,83077,11.3,7.0,3.1,36,005,011800,Bronx,36005011800
"Census Tract 204, Bronx County, New York",42.1,51.7,49519,18.1,20.5,2.5,36,005,020400,Bronx,36005020400
"Census Tract 248, Bronx County, New York",37.8,45.6,52279,9.6,8.7,3.3,36,005,024800,Bronx,36005024800
"Census Tract 408, Bronx County, New York",49.8,53.3,32244,26.0,16.7,9.6,36,005,040800,Bronx,36005040800
"Census Tract 484, Bronx County, New York",42.9,49.4,69701,6.5,9.9,2.4,36,005,048400,Bronx,36005048400
"Census Tract 247, Bronx County, New York",45.4,63.2,41455,29.3,8.1,3.4,36,005,024700,Bronx,36005024700
"Census Tract 266.02, Bronx County, New York",42.3,55.5,40755,19.6,14.9,2.1,36,005,026602,Bronx,36005026602
"Census Tract 364, Bronx County, New York",48.9,48.3,55833,5.5,11.7,2.8,36,005,036400,Bronx,36005036400
"Census Tract 449.02, Bronx County, New York",44.8,46.7,62656,8.5,9.3,1.2,36,005,044902,Bronx,36005044902
"Census Tract 223, Bronx County, New York",42.2,68.5,24277,41.4,15.3,2.2,36,005,022300,Bronx,36005022300
"Census Tract 254, Bronx County, New York",34.5,35.4,50238,15.6,6.6,2.1,36,005,025400,Bronx,36005025400
"Census Tract 296, Bronx County, New York",30.3,32.1,49013,14.4,9.3,6.9,36,005,029600,Bronx,36005029600
"Census Tract 376, Bronx County, New York",51.9,62.0,50139,11.0,24.6,2.5,36,005,037600,Bronx,36005037600
"Census Tract 27.01, Bronx County, New York",42.8,64.7,20153,52.6,15.2,1.6,36,005,002701,Bronx,36005002701
"Census Tract 65, Bronx County, New York",35.9,73.5,21384,44.2,11.6,5.1,36,005,006500,Bronx,36005006500
"Census Tract 1, Bronx County, New York",-666666666.0,-666666666.0,-666666666,-666666666.0,-666666666.0,-666666666.0,36,005,000100,Bronx,36005000100
"Census Tract 67, Bronx County, New York",46.2,62.9,21016,47.1,14.6,5.7,36,005,006700,Bronx,36005006700
"Census Tract 407.02, Bronx County, New York",41.1,69.4,29978,30.7,18.9,0.9,36,005,040702,Bronx,36005040702
"Census Tract 157, Bronx County, New York",42.8,71.5,33785,26.7,22.6,1.4,36,005,015700,Bronx,36005015700
"Census Tract 380, Bronx County, New York",39.7,58.6,33506,38.8,19.0,1.8,36,005,038000,Bronx,36005038000
"Census Tract 25, Bronx County, New York",35.5,62.5,17226,50.5,9.4,2.7,36,005,002500,Bronx,36005002500
"Census Tract 61, Bronx County, New York",37.5,64.5,48298,9.8,7.8,0.0,36,005,006100,Bronx,36005006100
"Census Tract 227.01, Bronx County, New York",37.5,60.0,29426,30.1,13.2,5.1,36,005,022701,Bronx,36005022701
"Census Tract 1483, Queens County, New York",40.3,33.3,109583,2.8,6.3,5.8,36,081,148300,Queens,36081148300
"Census Tract 1579.03, Queens County, New York",41.5,23.5,76330,5.4,9.7,7.5,36,081,157903,Queens,36081157903
"Census Tract 1621, Queens County, New York",41.1,26.3,67425,11.9,7.7,3.5,36,081,162100,Queens,36081162100
"Census Tract 1123, Queens County, New York",38.5,31.2,72750,14.6,12.4,7.1,36,081,112300,Queens,36081112300
"Census Tract 1161, Queens County, New York",40.2,42.3,47432,19.7,11.4,2.8,36,081,116100,Queens,36081116100
"Census Tract 1163, Queens County, New York",39.6,40.7,36127,25.5,8.6,1.0,36,081,116300,Queens,36081116300
"Census Tract 1257, Queens County, New York",38.9,35.6,53667,21.4,5.7,3.0,36,081,125700,Queens,36081125700
"Census Tract 1399, Queens County, New York",43.8,32.6,95298,3.2,6.5,6.2,36,081,139900,Queens,36081139900
"Census Tract 1409.01, Queens County, New York",51.9,36.0,88333,8.2,5.4,0.7,36,081,140901,Queens,36081140901
"Census Tract 1441, Queens County, New York",44.2,30.0,87000,12.3,6.5,6.4,36,081,144100,Queens,36081144100
"Census Tract 1447, Queens County, New York",41.1,27.6,76500,17.9,11.7,0.0,36,081,144700,Queens,36081144700
"Census Tract 1529.01, Queens County, New York",43.6,21.6,94224,9.6,8.1,5.2,36,081,152901,Queens,36081152901
"Census Tract 1579.01, Queens County, New York",42.2,22.2,82981,9.3,5.7,3.3,36,081,157901,Queens,36081157901
"Census Tract 1032.01, Queens County, New York",52.4,56.5,40399,30.9,12.8,1.8,36,081,103201,Queens,36081103201
"Census Tract 1097, Queens County, New York",38.4,21.6,100089,1.9,2.4,4.4,36,081,109700,Queens,36081109700
"Census Tract 1241, Queens County, New York",36.9,29.9,62285,15.8,12.5,4.2,36,081,124100,Queens,36081124100
"Census Tract 1341, Queens County, New York",44.6,43.9,81524,8.5,7.6,1.8,36,081,134100,Queens,36081134100
"Census Tract 1377, Queens County, New York",44.7,25.1,61292,12.5,4.4,8.4,36,081,137700,Queens,36081137700
"Census Tract 1507.01, Queens County, New York",37.8,29.0,92308,4.6,2.6,4.3,36,081,150701,Queens,36081150701
"Census Tract 1551.02, Queens County, New York",38.3,24.4,84508,5.2,7.7,4.2,36,081,155102,Queens,36081155102
"Census Tract 105, Queens County, New York",48.7,66.6,46292,22.8,13.8,1.3,36,081,010500,Queens,36081010500
"Census Tract 95, Queens County, New York",39.8,64.8,60960,13.8,8.2,3.2,36,081,009500,Queens,36081009500
"Census Tract 118, New York County, New York",25.5,34.5,125588,6.5,3.4,8.6,36,061,011800,Manhattan,36061011800
"Census Tract 159, New York County, New York",30.1,73.2,117900,10.9,1.3,9.1,36,061,015900,Manhattan,36061015900
"Census Tract 245, New York County, New York",37.0,64.3,35394,30.8,10.3,6.2,36,061,024500,Manhattan,36061024500
"Census Tract 20, New York County, New York",43.5,68.8,16778,48.1,14.1,0.0,36,061,002000,Manhattan,36061002000
"Census Tract 39, New York County, New York",28.3,50.6,135250,6.2,2.8,9.6,36,061,003900,Manhattan,36061003900
"Census Tract 1, New York County, New York",-666666666.0,-666666666.0,-666666666,-666666666.0,-666666666.0,-666666666.0,36,061,000100,Manhattan,36061000100
"Census Tract 41, New York County, New York",24.9,54.0,59570,18.5,5.8,2.9,36,061,004100,Manhattan,36061004100
"Census Tract 499, Queens County, New York",42.9,60.3,57813,13.1,7.5,2.5,36,081,049900,Queens,36081049900
"Census Tract 302, Bronx County, New York",45.8,51.7,51536,7.9,12.0,1.3,36,005,030200,Bronx,36005030200
"Census Tract 342, Bronx County, New York",44.9,59.6,43304,17.5,17.5,0.0,36,005,034200,Bronx,36005034200
"Census Tract 370, Bronx County, New York",43.8,41.9,51515,12.7,10.1,0.0,36,005,037000,Bronx,36005037000
"Census Tract 372, Bronx County, New York",46.4,65.3,46250,19.0,17.3,0.0,36,005,037200,Bronx,36005037200
"Census Tract 399.02, Bronx County, New York",41.4,67.4,24799,42.3,18.4,3.1,36,005,039902,Bronx,36005039902
"Census Tract 426, Bronx County, New York",44.2,46.4,54306,16.6,13.8,1.3,36,005,042600,Bronx,36005042600
"Census Tract 458, Bronx County, New York",53.2,70.3,16161,54.8,8.0,0.0,36,005,045800,Bronx,36005045800
"Census Tract 460, Bronx County, New York",47.4,58.8,32340,29.5,15.0,2.2,36,005,046000,Bronx,36005046000
"Census Tract 239, Bronx County, New York",40.8,69.6,20985,45.2,12.4,3.0,36,005,023900,Bronx,36005023900
"Census Tract 241, Bronx County, New York",41.4,63.1,23856,38.6,15.9,4.8,36,005,024100,Bronx,36005024100
"Census Tract 266.01, Bronx County, New York",42.7,54.9,52450,15.0,7.3,2.3,36,005,026601,Bronx,36005026601
"Census Tract 284, Bronx County, New York",29.5,35.6,-888888888,23.6,4.8,28.8,36,005,028400,Bronx,36005028400
"Census Tract 287, Bronx County, New York",37.6,57.7,51692,24.6,10.7,4.6,36,005,028700,Bronx,36005028700
"Census Tract 155, Bronx County, New York",45.0,72.7,21136,51.7,31.1,0.0,36,005,015500,Bronx,36005015500
"Census Tract 236, Bronx County, New York",40.5,60.1,40903,32.2,13.3,1.1,36,005,023600,Bronx,36005023600
"Census Tract 243, Bronx County, New York",41.3,62.3,19669,45.3,16.6,3.6,36,005,024300,Bronx,36005024300
"Census Tract 220, New York County, New York",37.6,76.5,47808,22.5,8.3,3.6,36,061,022000,Manhattan,36061022000
"Census Tract 223.01, New York County, New York",38.6,85.0,37500,24.6,9.6,1.7,36,061,022301,Manhattan,36061022301
"Census Tract 233, New York County, New York",36.0,73.0,41552,26.0,6.4,8.3,36,061,023300,Manhattan,36061023300
"Census Tract 234, New York County, New York",34.9,73.6,38854,31.7,18.9,6.1,36,061,023400,Manhattan,36061023400
"Census Tract 247, New York County, New York",35.8,68.9,40559,22.9,9.4,10.8,36,061,024700,Manhattan,36061024700
"Census Tract 249, New York County, New York",42.2,64.0,37679,29.6,22.4,0.0,36,061,024900,Manhattan,36061024900
"Census Tract 261, New York County, New York",40.1,68.0,29702,34.2,19.4,3.2,36,061,026100,Manhattan,36061026100
"Census Tract 263, New York County, New York",38.4,61.7,29308,29.1,12.1,8.2,36,061,026300,Manhattan,36061026300
"Census Tract 275, New York County, New York",40.8,56.8,91552,7.7,14.9,10.0,36,061,027500,Manhattan,36061027500
"Census Tract 285, New York County, New York",42.4,76.1,36500,28.1,23.4,5.3,36,061,028500,Manhattan,36061028500
"Census Tract 59, New York County, New York",22.4,47.2,103672,3.9,1.6,5.9,36,061,005900,Manhattan,36061005900
"Census Tract 67, New York County, New York",23.4,51.1,88492,4.9,5.7,10.1,36,061,006700,Manhattan,36061006700
"Census Tract 69, New York County, New York",26.4,44.9,183750,7.4,3.4,14.9,36,061,006900,Manhattan,36061006900
"Census Tract 70, New York County, New York",24.5,43.8,101848,9.9,2.6,2.9,36,061,007000,Manhattan,36061007000
"Census Tract 73, New York County, New York",23.0,49.5,97149,7.0,6.2,10.8,36,061,007300,Manhattan,36061007300
"Census Tract 76, New York County, New York",23.4,36.5,103264,18.6,3.5,7.2,36,061,007600,Manhattan,36061007600
"Census Tract 81, New York County, New York",23.8,55.9,111476,10.2,4.8,6.2,36,061,008100,Manhattan,36061008100
"Census Tract 91, New York County, New York",23.4,51.6,111505,13.2,5.9,11.8,36,061,009100,Manhattan,36061009100
"Census Tract 93, New York County, New York",30.4,37.8,76058,24.6,7.0,10.3,36,061,009300,Manhattan,36061009300
"Census Tract 177, New York County, New York",33.7,66.3,77957,17.7,5.6,6.2,36,061,017700,Manhattan,36061017700
"Census Tract 156.01, New York County, New York",35.3,67.0,88620,9.7,2.5,5.1,36,061,015601,Manhattan,36061015601
"Census Tract 160.01, New York County, New York",33.5,41.8,222222,2.0,4.3,18.5,36,061,016001,Manhattan,36061016001
"Census Tract 162, New York County, New York",33.8,58.3,21577,40.1,22.8,4.9,36,061,016200,Manhattan,36061016200
"Census Tract 186, New York County, New York",35.4,80.6,24769,44.4,8.3,12.4,36,061,018600,Manhattan,36061018600
"Census Tract 200, New York County, New York",32.4,70.6,66000,12.4,3.1,9.3,36,061,020000,Manhattan,36061020000
"Census Tract 201.02, New York County, New York",32.9,71.8,54563,18.5,9.3,6.3,36,061,020102,Manhattan,36061020102
"Census Tract 214, New York County, New York",40.3,77.9,44405,25.6,11.0,4.8,36,061,021400,Manhattan,36061021400
"Census Tract 221.02, New York County, New York",37.9,73.8,42284,14.5,10.6,4.8,36,061,022102,Manhattan,36061022102
"Census Tract 228, New York County, New York",39.9,66.0,33910,30.5,20.8,9.1,36,061,022800,Manhattan,36061022800
"Census Tract 229, New York County, New York",41.5,70.7,34898,28.8,14.5,8.1,36,061,022900,Manhattan,36061022900
"Census Tract 235.02, New York County, New York",43.8,76.9,29293,22.2,14.7,7.1,36,061,023502,Manhattan,36061023502
"Census Tract 240, New York County, New York",45.2,80.6,-666666666,88.4,52.1,0.0,36,061,024000,Manhattan,36061024000
"Census Tract 859, Queens County, New York",41.5,37.9,38788,22.3,5.1,1.1,36,081,085900,Queens,36081085900
"Census Tract 865, Queens County, New York",41.6,46.8,30350,30.4,9.2,2.5,36,081,086500,Queens,36081086500
"Census Tract 942.02, Queens County, New York",51.4,46.5,44474,30.1,13.0,1.8,36,081,094202,Queens,36081094202
"Census Tract 942.03, Queens County, New York",61.0,42.4,44689,5.7,5.1,1.8,36,081,094203,Queens,36081094203
"Census Tract 981, Queens County, New York",36.6,26.8,78512,10.0,4.4,1.7,36,081,098100,Queens,36081098100
"Census Tract 1010.02, Queens County, New York",40.5,23.2,41172,22.3,7.3,6.5,36,081,101002,Queens,36081101002
"Census Tract 1039, Queens County, New York",37.1,27.5,80830,4.2,10.9,0.2,36,081,103900,Queens,36081103900
"Census Tract 183, Queens County, New York",41.3,79.6,62377,17.2,6.1,1.7,36,081,018300,Queens,36081018300
"Census Tract 188, Queens County, New York",42.7,34.2,70234,10.2,11.7,0.0,36,081,018800,Queens,36081018800
"Census Tract 189, Queens County, New York",35.4,63.2,55756,15.0,6.7,2.7,36,081,018900,Queens,36081018900
"Census Tract 192, Queens County, New York",43.2,48.6,67407,3.9,10.2,0.0,36,081,019200,Queens,36081019200
"Census Tract 259, Queens County, New York",38.5,75.0,47529,13.3,6.5,0.0,36,081,025900,Queens,36081025900
"Census Tract 266, Queens County, New York",52.7,54.6,27833,24.9,14.7,5.0,36,081,026600,Queens,36081026600
"Census Tract 437.01, Queens County, New York",46.3,64.6,50817,25.0,1.6,2.1,36,081,043701,Queens,36081043701
"Census Tract 437.02, Queens County, New York",45.8,61.8,37904,21.0,3.4,2.4,36,081,043702,Queens,36081043702
"Census Tract 443.01, Queens County, New York",32.1,43.9,20273,55.2,7.1,0.0,36,081,044301,Queens,36081044301
"Census Tract 443.02, Queens County, New York",42.5,56.8,54569,17.0,10.2,1.5,36,081,044302,Queens,36081044302
"Census Tract 534.01, Queens County, New York",50.8,41.8,65583,2.0,7.0,0.8,36,081,053401,Queens,36081053401
"Census Tract 536.01, Queens County, New York",50.1,56.7,65750,6.0,11.4,0.0,36,081,053601,Queens,36081053601
"Census Tract 582, Queens County, New York",44.6,40.2,83167,17.4,24.3,1.9,36,081,058200,Queens,36081058200
"Census Tract 607.01, Queens County, New York",-999999999.0,100.0,-666666666,0.0,0.0,0.0,36,081,060701,Queens,36081060701
"Census Tract 613.01, Queens County, New York",40.0,68.3,52153,20.5,8.4,0.6,36,081,061301,Queens,36081061301
"Census Tract 613.02, Queens County, New York",-999999999.0,0.0,-666666666,0.0,0.0,0.0,36,081,061302,Queens,36081061302
"Census Tract 622, Queens County, New York",58.1,43.3,77813,4.7,5.6,1.6,36,081,062200,Queens,36081062200
"Census Tract 41, Kings County, New York",33.3,72.5,112128,6.5,4.5,11.2,36,047,004100,Brooklyn,36047004100
"Census Tract 52.01, Kings County, New York",50.2,51.8,29531,26.2,7.0,0.0,36,047,005201,Brooklyn,36047005201
"Census Tract 226, New York County, New York",36.2,78.4,36627,34.4,7.2,5.7,36,061,022600,Manhattan,36061022600
"Census Tract 265, New York County, New York",41.5,77.5,61695,16.5,10.2,4.6,36,061,026500,Manhattan,36061026500
"Census Tract 38, New York County, New York",28.7,58.1,64800,13.9,4.9,4.0,36,061,003800,Manhattan,36061003800
"Census Tract 58, New York County, New York",25.8,46.3,157934,4.7,6.6,6.5,36,061,005800,Manhattan,36061005800
"Census Tract 88, New York County, New York",29.9,30.6,100179,7.6,4.1,10.1,36,061,008800,Manhattan,36061008800
"Census Tract 120, New York County, New York",24.5,31.5,148833,6.4,3.5,18.7,36,061,012000,Manhattan,36061012000
"Census Tract 155, New York County, New York",29.7,64.0,106157,5.8,7.5,12.1,36,061,015500,Manhattan,36061015500
"Census Tract 166, New York County, New York",30.8,71.9,35306,24.5,8.3,5.2,36,061,016600,Manhattan,36061016600
"Census Tract 167, New York County, New York",26.7,67.7,113276,8.0,4.1,10.4,36,061,016700,Manhattan,36061016700
"Census Tract 181, New York County, New York",30.8,69.7,70075,7.4,13.6,7.0,36,061,018100,Manhattan,36061018100
"Census Tract 209.01, New York County, New York",34.5,84.0,32848,35.4,6.8,5.3,36,061,020901,Manhattan,36061020901
"Census Tract 223.02, New York County, New York",41.1,71.6,24241,36.8,14.6,7.1,36,061,022302,Manhattan,36061022302
"Census Tract 253, New York County, New York",32.6,66.8,36780,27.9,17.8,6.2,36,061,025300,Manhattan,36061025300
"Census Tract 40.01, Bronx County, New York",47.4,62.9,48056,16.6,6.8,0.0,36,005,004001,Bronx,36005004001
"Census Tract 43, Bronx County, New York",39.6,66.4,21448,46.6,15.6,4.0,36,005,004300,Bronx,36005004300
"Census Tract 52, Bronx County, New York",43.2,54.0,17756,49.3,13.5,9.0,36,005,005200,Bronx,36005005200
"Census Tract 64, Bronx County, New York",46.7,63.8,30726,41.1,12.2,2.1,36,005,006400,Bronx,36005006400
"Census Tract 78, Bronx County, New York",37.6,57.6,30437,31.0,15.7,3.1,36,005,007800,Bronx,36005007800
"Census Tract 85, Bronx County, New York",37.9,66.7,27174,39.3,15.1,1.9,36,005,008500,Bronx,36005008500
"Census Tract 131, Bronx County, New York",42.8,67.2,25271,35.5,11.5,4.9,36,005,013100,Bronx,36005013100
"Census Tract 164, Bronx County, New York",31.6,35.4,60682,10.1,14.6,8.1,36,005,016400,Bronx,36005016400
"Census Tract 184, Bronx County, New York",34.3,32.7,60518,14.5,7.1,3.1,36,005,018400,Bronx,36005018400
"Census Tract 193, Bronx County, New York",44.6,67.9,23267,50.9,18.7,1.0,36,005,019300,Bronx,36005019300
"Census Tract 213.02, Bronx County, New York",40.4,66.8,30362,34.8,12.9,0.0,36,005,021302,Bronx,36005021302
"Census Tract 216.02, Bronx County, New York",48.6,74.6,41487,20.3,11.2,0.6,36,005,021602,Bronx,36005021602
"Census Tract 219, Bronx County, New York",42.6,68.8,31292,29.1,9.1,1.9,36,005,021900,Bronx,36005021900
"Census Tract 19, Bronx County, New York",45.4,63.9,37936,37.1,19.2,6.2,36,005,001900,Bronx,36005001900
"Census Tract 42, Bronx County, New York",48.5,68.9,25741,40.5,21.0,1.0,36,005,004200,Bronx,36005004200
"Census Tract 51, Bronx County, New York",43.6,92.2,18633,49.4,22.6,0.5,36,005,005100,Bronx,36005005100
"Census Tract 50.01, Bronx County, New York",48.2,69.6,27456,34.4,14.5,3.3,36,005,005001,Bronx,36005005001
"Census Tract 50.02, Bronx County, New York",48.2,75.1,28039,45.6,13.3,3.3,36,005,005002,Bronx,36005005002
"Census Tract 53, Bronx County, New York",56.8,78.7,17719,54.7,23.7,0.0,36,005,005300,Bronx,36005005300
"Census Tract 63, Bronx County, New York",41.4,73.3,32064,27.7,12.8,0.0,36,005,006300,Bronx,36005006300
"Census Tract 76, Bronx County, New York",39.4,61.0,33465,34.6,9.4,2.3,36,005,007600,Bronx,36005007600
"Census Tract 90, Bronx County, New York",43.8,47.8,27000,36.7,14.6,4.4,36,005,009000,Bronx,36005009000
"Census Tract 93, Bronx County, New York",40.1,45.4,30159,40.7,9.5,3.9,36,005,009300,Bronx,36005009300
"Census Tract 96, Bronx County, New York",38.0,52.4,41250,15.6,17.1,3.7,36,005,009600,Bronx,36005009600
"Census Tract 117, Bronx County, New York",38.3,55.3,25483,33.4,16.8,5.6,36,005,011700,Bronx,36005011700
"Census Tract 147.01, Bronx County, New York",46.0,78.7,14334,61.0,24.8,2.6,36,005,014701,Bronx,36005014701
"Census Tract 288, Bronx County, New York",31.8,28.0,91125,4.9,3.6,1.4,36,005,028800,Bronx,36005028800
"Census Tract 451.02, Bronx County, New York",34.6,33.9,80139,4.6,4.7,0.8,36,005,045102,Bronx,36005045102
"Census Tract 345, Bronx County, New York",42.4,43.2,61938,15.3,6.9,6.6,36,005,034500,Bronx,36005034500
"Census Tract 356, Bronx County, New York",45.3,47.4,60694,5.6,12.5,1.9,36,005,035600,Bronx,36005035600
"Census Tract 359, Bronx County, New York",45.0,50.8,22250,44.4,23.1,8.2,36,005,035900,Bronx,36005035900
"Census Tract 368, Bronx County, New York",46.2,48.1,43889,19.2,22.6,0.6,36,005,036800,Bronx,36005036800
"Census Tract 386, Bronx County, New York",48.8,62.2,54904,13.3,13.2,0.2,36,005,038600,Bronx,36005038600
"Census Tract 4, Bronx County, New York",45.0,44.6,74836,13.2,9.5,2.1,36,005,000400,Bronx,36005000400
"Census Tract 2, Bronx County, New York",43.0,38.6,72034,20.0,7.7,0.0,36,005,000200,Bronx,36005000200
"Census Tract 35, Bronx County, New York",41.6,64.7,26541,36.3,11.8,4.7,36,005,003500,Bronx,36005003500
"Census Tract 362, Kings County, New York",40.1,50.4,28750,40.9,12.4,1.2,36,047,036200,Brooklyn,36047036200
"Census Tract 366, Kings County, New York",42.8,52.5,36487,31.3,5.0,1.5,36,047,036600,Brooklyn,36047036600
"Census Tract 1120, Kings County, New York",41.7,80.4,21507,40.8,16.5,1.7,36,047,112000,Brooklyn,36047112000
"Census Tract 1130, Kings County, New York",48.0,71.7,29038,42.2,17.5,0.0,36,047,113000,Brooklyn,36047113000
"Census Tract 1132, Kings County, New York",42.5,64.7,49250,14.1,9.4,0.8,36,047,113200,Brooklyn,36047113200
"Census Tract 1172.02, Kings County, New York",41.9,74.7,52260,11.3,5.5,4.4,36,047,117202,Brooklyn,36047117202
"Census Tract 1184, Kings County, New York",40.5,66.7,50319,25.0,5.3,2.1,36,047,118400,Brooklyn,36047118400
"Census Tract 1186, Kings County, New York",43.8,75.9,41471,35.5,9.4,1.5,36,047,118600,Brooklyn,36047118600
"Census Tract 1188, Kings County, New York",41.0,76.4,30699,32.2,7.6,1.4,36,047,118800,Brooklyn,36047118800
"Census Tract 1194, Kings County, New York",38.8,69.5,32136,28.6,7.9,2.4,36,047,119400,Brooklyn,36047119400
"Census Tract 1208, Kings County, New York",42.8,77.3,32269,26.9,11.8,0.5,36,047,120800,Brooklyn,36047120800
"Census Tract 1214, Kings County, New York",42.7,71.2,19264,48.2,14.8,5.1,36,047,121400,Brooklyn,36047121400
"Census Tract 172, Kings County, New York",47.8,56.0,70125,3.8,7.7,4.1,36,047,017200,Brooklyn,36047017200
"Census Tract 175, Kings County, New York",-666666666.0,-666666666.0,-666666666,-666666666.0,-666666666.0,-666666666.0,36,047,017500,Brooklyn,36047017500
"Census Tract 182, Kings County, New York",43.1,66.2,47206,19.1,9.0,2.8,36,047,018200,Brooklyn,36047018200
"Census Tract 188, Kings County, New York",47.7,56.8,56339,11.3,8.2,3.4,36,047,018800,Brooklyn,36047018800
"Census Tract 216, Kings County, New York",36.0,37.9,35682,42.8,4.6,9.5,36,047,021600,Brooklyn,36047021600
"Census Tract 226, Kings County, New York",41.3,59.5,48269,27.9,1.9,0.0,36,047,022600,Brooklyn,36047022600
"Census Tract 232, Kings County, New York",33.8,24.9,33801,44.3,6.9,4.3,36,047,023200,Brooklyn,36047023200
"Census Tract 238, Kings County, New York",37.0,32.1,29050,29.9,4.2,8.5,36,047,023800,Brooklyn,36047023800
"Census Tract 548, Kings County, New York",38.6,35.3,58906,13.2,7.4,3.3,36,047,054800,Brooklyn,36047054800
"Census Tract 375, Kings County, New York",47.9,65.7,45573,25.2,15.3,9.1,36,047,037500,Brooklyn,36047037500
"Census Tract 1162, Kings County, New York",44.4,51.8,42829,26.1,12.9,0.0,36,047,116200,Brooklyn,36047116200
"Census Tract 1166, Kings County, New York",42.8,71.6,33892,29.8,14.7,2.7,36,047,116600,Brooklyn,36047116600
"Census Tract 401, Kings County, New York",47.7,85.5,42079,27.7,13.6,0.0,36,047,040100,Brooklyn,36047040100
"Census Tract 331, Kings County, New York",34.9,37.9,39301,14.3,13.3,8.8,36,047,033100,Brooklyn,36047033100
"Census Tract 503, Kings County, New York",31.3,79.3,69712,10.2,5.7,4.2,36,047,050300,Brooklyn,36047050300
"Census Tract 519, Kings County, New York",31.6,76.1,87087,8.8,5.3,8.8,36,047,051900,Brooklyn,36047051900
"Census Tract 530, Kings County, New York",38.2,56.7,37273,23.9,10.3,2.7,36,047,053000,Brooklyn,36047053000
"Census Tract 555, Kings County, New York",36.7,75.2,108190,9.1,4.2,8.1,36,047,055500,Brooklyn,36047055500
"Census Tract 557, Kings County, New York",35.3,71.0,92222,11.3,6.6,7.8,36,047,055700,Brooklyn,36047055700
"Census Tract 569, Kings County, New York",32.5,63.7,71111,13.3,3.4,10.5,36,047,056900,Brooklyn,36047056900
"Census Tract 572, Kings County, New York",55.6,64.6,18459,41.6,20.9,0.0,36,047,057200,Brooklyn,36047057200
"Census Tract 573, Kings County, New York",34.3,61.2,70878,18.0,8.0,7.0,36,047,057300,Brooklyn,36047057300
"Census Tract 575, Kings County, New York",32.3,59.8,79476,13.4,5.3,10.0,36,047,057500,Brooklyn,36047057500
"Census Tract 582, Kings County, New York",45.6,56.7,43750,27.4,12.5,7.4,36,047,058200,Brooklyn,36047058200
"Census Tract 598, Kings County, New York",39.3,45.0,63613,24.3,11.4,1.7,36,047,059800,Brooklyn,36047059800
"Census Tract 608, Kings County, New York",45.1,55.7,50213,14.8,6.9,4.1,36,047,060800,Brooklyn,36047060800
"Census Tract 632, Kings County, New York",41.4,47.0,60139,7.8,7.0,0.0,36,047,063200,Brooklyn,36047063200
"Census Tract 644, Kings County, New York",41.1,40.1,83125,13.0,4.1,2.6,36,047,064400,Brooklyn,36047064400
"Census Tract 658, Kings County, New York",41.7,33.8,81932,5.7,6.8,1.6,36,047,065800,Brooklyn,36047065800
"Census Tract 660, Kings County, New York",41.6,33.0,87708,0.8,5.2,1.8,36,047,066000,Brooklyn,36047066000
"Census Tract 670, Kings County, New York",49.0,52.4,60857,10.3,13.2,3.1,36,047,067000,Brooklyn,36047067000
"Census Tract 690, Kings County, New York",43.2,38.3,78663,7.9,9.2,4.7,36,047,069000,Brooklyn,36047069000
"Census Tract 692, Kings County, New York",44.3,44.5,84674,5.3,9.5,0.4,36,047,069200,Brooklyn,36047069200
"Census Tract 359, Kings County, New York",45.5,64.5,30898,46.4,18.4,3.9,36,047,035900,Brooklyn,36047035900
"Census Tract 360.01, Kings County, New York",45.1,53.9,22384,32.9,12.9,2.0,36,047,036001,Brooklyn,36047036001
"Census Tract 361, Kings County, New York",52.7,86.3,26936,29.5,20.9,0.0,36,047,036100,Brooklyn,36047036100
"Census Tract 363, Kings County, New York",52.8,71.1,29741,20.9,8.0,3.1,36,047,036300,Brooklyn,36047036300
"Census Tract 273, Queens County, New York",37.1,69.0,39073,25.6,9.2,0.1,36,081,027300,Queens,36081027300
"Census Tract 293, Queens County, New York",33.4,62.0,48355,10.8,3.9,0.8,36,081,029300,Queens,36081029300
"Census Tract 36, Queens County, New York",45.5,45.7,76081,11.7,5.7,0.4,36,081,003600,Queens,36081003600
"Census Tract 44.01, Queens County, New York",40.8,44.0,53333,23.2,8.7,5.4,36,081,004401,Queens,36081004401
"Census Tract 53, Queens County, New York",33.8,81.8,53496,13.4,7.3,4.0,36,081,005300,Queens,36081005300
"Census Tract 57, Queens County, New York",36.3,75.9,57569,21.8,11.0,1.2,36,081,005700,Queens,36081005700
"Census Tract 73, Queens County, New York",34.5,78.8,60319,21.5,7.0,7.0,36,081,007300,Queens,36081007300
"Census Tract 81, Queens County, New York",36.4,58.8,77829,12.5,10.3,2.6,36,081,008100,Queens,36081008100
"Census Tract 38, Queens County, New York",46.9,43.4,53654,22.1,11.9,5.4,36,081,003800,Queens,36081003800
"Census Tract 299, Queens County, New York",-666666666.0,-666666666.0,-666666666,-666666666.0,-666666666.0,-666666666.0,36,081,029900,Queens,36081029900
"Census Tract 263, Queens County, New York",42.4,73.2,44935,22.3,4.9,1.9,36,081,026300,Queens,36081026300
"Census Tract 271, Queens County, New York",44.0,75.8,51276,20.0,3.5,0.5,36,081,027100,Queens,36081027100
"Census Tract 288, Queens County, New York",43.6,48.9,59792,11.6,11.8,1.3,36,081,028800,Queens,36081028800
"Census Tract 320, Queens County, New York",45.2,41.0,71806,21.3,16.4,1.6,36,081,032000,Queens,36081032000
"Census Tract 331, Queens County, New York",-666666666.0,-666666666.0,-666666666,-666666666.0,-666666666.0,-666666666.0,36,081,033100,Queens,36081033100
"Census Tract 33, Queens County, New York",32.4,69.7,54025,22.9,5.7,3.7,36,081,003300,Queens,36081003300
"Census Tract 62.01, Queens County, New York",38.6,31.8,62572,13.8,10.9,1.4,36,081,006201,Queens,36081006201
"Census Tract 62.02, Queens County, New York",38.7,32.9,55253,13.1,9.6,0.4,36,081,006202,Queens,36081006202
"Census Tract 42, New York County, New York",21.6,47.7,146304,11.5,6.5,9.4,36,061,004200,Manhattan,36061004200
"Census Tract 57, New York County, New York",25.4,54.3,150833,4.5,4.8,8.5,36,061,005700,Manhattan,36061005700
"Census Tract 87, New York County, New York",23.5,52.9,122569,4.6,4.8,3.7,36,061,008700,Manhattan,36061008700
"Census Tract 271, New York County, New York",40.1,60.5,49750,27.6,13.7,6.7,36,061,027100,Manhattan,36061027100
"Census Tract 303, New York County, New York",41.4,69.9,54718,32.6,10.4,9.4,36,061,030300,Manhattan,36061030300
"Census Tract 307, New York County, New York",44.6,70.8,71250,5.3,8.0,4.6,36,061,030700,Manhattan,36061030700
"Census Tract 10.02, New York County, New York",40.9,70.5,17560,38.9,18.3,0.0,36,061,001002,Manhattan,36061001002
"Census Tract 18, New York County, New York",29.8,55.1,59416,26.0,4.2,11.3,36,061,001800,Manhattan,36061001800
"Census Tract 211, New York County, New York",33.4,63.7,53389,29.5,5.5,6.6,36,061,021100,Manhattan,36061021100
"Census Tract 216, New York County, New York",32.5,76.7,46250,23.6,8.2,4.8,36,061,021600,Manhattan,36061021600
"Census Tract 219, New York County, New York",40.7,86.0,19025,43.0,9.0,2.8,36,061,021900,Manhattan,36061021900
"Census Tract 237, New York County, New York",41.1,78.3,37232,17.2,8.3,1.9,36,061,023700,Manhattan,36061023700
"Census Tract 251, New York County, New York",39.4,68.6,28688,32.7,18.4,4.8,36,061,025100,Manhattan,36061025100
"Census Tract 267, New York County, New York",36.1,50.4,39033,18.5,10.0,0.8,36,061,026700,Manhattan,36061026700
"Census Tract 37, New York County, New York",24.5,56.2,129904,4.9,3.4,7.2,36,061,003700,Manhattan,36061003700
"Census Tract 86.01, New York County, New York",24.6,35.4,142299,5.6,3.6,5.2,36,061,008601,Manhattan,36061008601
"Census Tract 86.03, New York County, New York",26.1,25.0,142304,5.1,3.7,9.0,36,061,008603,Manhattan,36061008603
"Census Tract 44, New York County, New York",29.7,58.1,93010,13.1,2.6,9.2,36,061,004400,Manhattan,36061004400
"Census Tract 86.02, New York County, New York",-666666666.0,-666666666.0,-666666666,-666666666.0,-666666666.0,-666666666.0,36,061,008602,Manhattan,36061008602
"Census Tract 172, New York County, New York",32.0,72.5,35017,22.5,13.1,7.3,36,061,017200,Manhattan,36061017200
"Census Tract 213.03, New York County, New York",36.9,71.6,37628,34.7,4.1,9.9,36,061,021303,Manhattan,36061021303
"Census Tract 215, New York County, New York",31.2,71.9,33477,28.3,9.6,7.5,36,061,021500,Manhattan,36061021500
"Census Tract 217.03, New York County, New York",-666666666.0,0.0,-666666666,0.0,0.0,100.0,36,061,021703,Manhattan,36061021703
"Census Tract 227, New York County, New York",35.6,77.8,47597,26.8,9.9,6.1,36,061,022700,Manhattan,36061022700
"Census Tract 231, New York County, New York",39.0,81.7,45262,22.1,9.7,1.3,36,061,023100,Manhattan,36061023100
"Census Tract 238.01, New York County, New York",37.0,79.6,86712,10.2,5.1,1.6,36,061,023801,Manhattan,36061023801
"Census Tract 1409.02, Queens County, New York",44.1,35.8,102908,5.1,5.7,3.9,36,081,140902,Queens,36081140902
"Census Tract 1459, Queens County, New York",38.8,27.9,85128,5.9,7.2,3.9,36,081,145900,Queens,36081145900
"Census Tract 577, Queens County, New York",37.1,60.3,66983,9.7,6.7,1.7,36,081,057700,Queens,36081057700
"Census Tract 525, Queens County, New York",36.1,43.0,57813,19.2,6.5,2.4,36,081,052500,Queens,36081052500
"Census Tract 556, Queens County, New York",37.5,35.5,71985,5.5,13.9,1.0,36,081,055600,Queens,36081055600
"Census Tract 606, Queens County, New York",47.5,30.2,83452,1.7,0.1,0.6,36,081,060600,Queens,36081060600
"Census Tract 638, Queens County, New York",47.1,30.5,104112,12.6,3.9,6.2,36,081,063800,Queens,36081063800
"Census Tract 654, Queens County, New York",49.5,41.7,83864,5.7,4.4,3.7,36,081,065400,Queens,36081065400
"Census Tract 713.05, Queens County, New York",43.1,70.9,71250,9.5,5.9,5.2,36,081,071305,Queens,36081071305
"Census Tract 713.06, Queens County, New York",39.6,60.3,65837,18.0,7.3,5.5,36,081,071306,Queens,36081071306
"Census Tract 717.01, Queens County, New York",39.9,61.3,65250,12.9,7.0,4.1,36,081,071701,Queens,36081071701
"Census Tract 717.02, Queens County, New York",46.8,65.7,40000,15.2,5.3,0.0,36,081,071702,Queens,36081071702
"Census Tract 723, Queens County, New York",38.9,53.6,124643,2.3,5.7,7.3,36,081,072300,Queens,36081072300
"Census Tract 749, Queens County, New York",38.2,45.9,151250,2.0,4.2,9.7,36,081,074900,Queens,36081074900
"Census Tract 757.01, Queens County, New York",40.8,73.1,69375,5.7,4.7,2.4,36,081,075701,Queens,36081075701
"Census Tract 757.02, Queens County, New York",44.3,75.7,86607,10.8,4.0,4.3,36,081,075702,Queens,36081075702
"Census Tract 779.06, Queens County, New York",45.9,55.5,56012,10.8,1.7,0.7,36,081,077906,Queens,36081077906
"Census Tract 779.07, Queens County, New York",38.4,26.7,44524,16.3,3.1,3.6,36,081,077907,Queens,36081077907
"Census Tract 779.08, Queens County, New York",37.6,36.2,52349,17.5,11.4,3.6,36,081,077908,Queens,36081077908
"Census Tract 797.01, Queens County, New York",47.5,66.9,48201,17.6,3.2,2.2,36,081,079701,Queens,36081079701
"Census Tract 276, Queens County, New York",55.4,39.4,46579,9.4,4.4,0.0,36,081,027600,Queens,36081027600
"Census Tract 282, Queens County, New York",51.3,54.5,70523,7.0,12.8,0.0,36,081,028200,Queens,36081028200
"Census Tract 283, Queens County, New York",38.0,67.6,57158,17.4,3.4,2.0,36,081,028300,Queens,36081028300
"Census Tract 285, Queens County, New York",38.2,72.3,61682,18.8,10.7,3.9,36,081,028500,Queens,36081028500
"Census Tract 289, Queens County, New York",40.7,70.1,61011,13.1,6.0,0.0,36,081,028900,Queens,36081028900
"Census Tract 1133, Queens County, New York",39.0,27.2,76106,4.4,6.5,0.8,36,081,113300,Queens,36081113300
"Census Tract 1072.01, Queens County, New York",42.0,28.0,71667,11.0,11.6,0.7,36,081,107201,Queens,36081107201
"Census Tract 592, Kings County, New York",49.2,55.4,61164,10.1,7.7,6.7,36,047,059200,Brooklyn,36047059200
"Census Tract 636, Kings County, New York",39.8,32.6,93214,3.3,9.6,0.7,36,047,063600,Brooklyn,36047063600
"Census Tract 648, Kings County, New York",47.4,41.6,63393,5.5,7.8,1.2,36,047,064800,Brooklyn,36047064800
"Census Tract 652, Kings County, New York",44.6,45.2,95368,5.7,3.3,2.0,36,047,065200,Brooklyn,36047065200
"Census Tract 662, Kings County, New York",42.6,36.2,80893,4.2,8.3,0.0,36,047,066200,Brooklyn,36047066200
"Census Tract 676, Kings County, New York",51.7,59.1,75972,4.5,8.4,4.1,36,047,067600,Brooklyn,36047067600
"Census Tract 698, Kings County, New York",38.6,22.8,73681,6.4,3.5,0.0,36,047,069800,Brooklyn,36047069800
"Census Tract 720, Kings County, New York",53.4,54.1,63000,5.9,10.6,5.0,36,047,072000,Brooklyn,36047072000
"Census Tract 736, Kings County, New York",44.9,62.0,60051,20.9,10.1,2.0,36,047,073600,Brooklyn,36047073600
"Census Tract 742, Kings County, New York",40.8,52.3,75952,13.2,6.9,2.4,36,047,074200,Brooklyn,36047074200
"Census Tract 746, Kings County, New York",35.6,36.4,82188,11.8,5.6,4.4,36,047,074600,Brooklyn,36047074600
"Census Tract 766, Kings County, New York",44.0,68.0,59926,12.1,7.1,0.6,36,047,076600,Brooklyn,36047076600
"Census Tract 770, Kings County, New York",43.4,64.8,54732,19.9,11.7,1.1,36,047,077000,Brooklyn,36047077000
"Census Tract 936, Kings County, New York",45.3,64.5,71964,6.5,2.6,1.6,36,047,093600,Brooklyn,36047093600
"Census Tract 958, Kings County, New York",49.9,57.7,62431,13.9,8.8,2.5,36,047,095800,Brooklyn,36047095800
"Census Tract 974, Kings County, New York",48.8,59.6,56992,19.1,7.9,3.3,36,047,097400,Brooklyn,36047097400
"Census Tract 990, Kings County, New York",40.9,37.9,75208,15.1,10.6,2.8,36,047,099000,Brooklyn,36047099000
"Census Tract 1098, Kings County, New York",54.2,62.5,43664,24.3,19.6,0.0,36,047,109800,Brooklyn,36047109800
"Census Tract 1150, Kings County, New York",44.7,55.1,40104,29.8,12.1,2.6,36,047,115000,Brooklyn,36047115000
"Census Tract 1200, Kings County, New York",44.7,76.1,32468,36.7,10.6,5.3,36,047,120000,Brooklyn,36047120000
"Census Tract 161, Kings County, New York",37.3,68.2,103500,10.6,4.2,8.7,36,047,016100,Brooklyn,36047016100
"Census Tract 164, Kings County, New York",21.4,15.2,97760,8.6,3.2,9.9,36,047,016400,Brooklyn,36047016400
"Census Tract 168, Kings County, New York",41.8,39.1,82891,8.5,3.8,3.7,36,047,016800,Brooklyn,36047016800
"Census Tract 394, Kings County, New York",43.4,53.1,51927,8.9,14.7,2.0,36,047,039400,Brooklyn,36047039400
"Census Tract 317.01, Kings County, New York",41.8,68.5,50205,16.5,8.7,4.3,36,047,031701,Brooklyn,36047031701
"Census Tract 285.02, Kings County, New York",50.1,72.2,15135,50.0,28.4,0.0,36,047,028502,Brooklyn,36047028502
"Census Tract 512, Kings County, New York",47.7,83.8,36661,19.7,9.2,3.7,36,047,051200,Brooklyn,36047051200
"Census Tract 513, Kings County, New York",33.6,70.5,66951,14.6,5.0,8.6,36,047,051300,Brooklyn,36047051300
"Census Tract 523, Kings County, New York",33.2,76.0,43076,17.4,4.3,5.9,36,047,052300,Brooklyn,36047052300
"Census Tract 531, Kings County, New York",22.7,23.1,33945,51.1,1.6,5.0,36,047,053100,Brooklyn,36047053100
"Census Tract 534, Kings County, New York",33.8,56.6,31004,38.2,12.6,5.1,36,047,053400,Brooklyn,36047053400
"Census Tract 539, Kings County, New York",25.1,30.0,19602,53.8,8.7,7.4,36,047,053900,Brooklyn,36047053900
"Census Tract 545, Kings County, New York",27.5,26.2,16638,52.6,8.9,3.1,36,047,054500,Brooklyn,36047054500
"Census Tract 566, Kings County, New York",50.2,56.5,61779,7.9,5.9,0.8,36,047,056600,Brooklyn,36047056600
"Census Tract 576, Kings County, New York",46.9,57.3,68950,15.2,11.2,2.6,36,047,057600,Brooklyn,36047057600
"Census Tract 580, Kings County, New York",46.9,63.5,40675,16.2,5.3,3.9,36,047,058000,Brooklyn,36047058000
"Census Tract 594.02, Kings County, New York",44.7,46.4,68429,6.5,9.0,3.1,36,047,059402,Brooklyn,36047059402
"Census Tract 596, Kings County, New York",43.8,50.1,61422,9.5,7.8,0.0,36,047,059600,Brooklyn,36047059600
"Census Tract 622, Kings County, New York",48.5,37.0,52353,13.0,6.4,7.2,36,047,062200,Brooklyn,36047062200
"Census Tract 638, Kings County, New York",44.6,40.9,69405,1.7,3.9,2.5,36,047,063800,Brooklyn,36047063800
"Census Tract 350, Kings County, New York",36.7,51.2,30889,21.9,12.9,0.0,36,047,035000,Brooklyn,36047035000
"Census Tract 666, Kings County, New York",-666666666.0,-666666666.0,-666666666,-666666666.0,-666666666.0,-666666666.0,36,047,066600,Brooklyn,36047066600
"Census Tract 892, Kings County, New York",51.4,77.9,25350,31.6,13.1,6.1,36,047,089200,Brooklyn,36047089200
"Census Tract 928, Kings County, New York",40.1,40.7,45762,11.6,9.3,1.9,36,047,092800,Brooklyn,36047092800
"Census Tract 1016, Kings County, New York",46.5,44.0,98208,2.8,11.2,0.0,36,047,101600,Brooklyn,36047101600
"Census Tract 1018, Kings County, New York",47.9,35.5,73667,5.1,3.9,11.1,36,047,101800,Brooklyn,36047101800
"Census Tract 1020, Kings County, New York",53.8,53.4,84563,14.7,11.1,1.0,36,047,102000,Brooklyn,36047102000
"Census Tract 1078, Kings County, New York",54.5,61.4,59455,8.6,12.3,2.2,36,047,107800,Brooklyn,36047107800
"Census Tract 1106, Kings County, New York",50.8,71.1,24564,38.5,13.9,1.1,36,047,110600,Brooklyn,36047110600
"Census Tract 382, Kings County, New York",52.1,68.0,17308,42.8,17.2,0.0,36,047,038200,Brooklyn,36047038200
"Census Tract 389, Kings County, New York",40.4,69.4,47059,28.7,7.8,6.8,36,047,038900,Brooklyn,36047038900
"Census Tract 434, Kings County, New York",42.1,57.1,47054,22.2,10.5,3.3,36,047,043400,Brooklyn,36047043400
"Census Tract 435, Kings County, New York",38.1,66.4,41058,24.8,18.2,1.3,36,047,043500,Brooklyn,36047043500
"Census Tract 437, Kings County, New York",43.6,77.7,42500,31.5,19.1,3.1,36,047,043700,Brooklyn,36047043700
"Census Tract 439, Kings County, New York",35.4,71.0,40455,24.2,20.2,1.3,36,047,043900,Brooklyn,36047043900
"Census Tract 441, Kings County, New York",38.4,66.5,49167,26.3,12.0,0.9,36,047,044100,Brooklyn,36047044100
"Census Tract 444, Kings County, New York",37.1,38.7,44896,18.0,8.9,3.7,36,047,044400,Brooklyn,36047044400
"Census Tract 454, Kings County, New York",33.8,50.9,47188,22.3,8.6,1.6,36,047,045400,Brooklyn,36047045400
"Census Tract 462.01, Kings County, New York",38.1,54.5,36765,20.4,12.2,2.5,36,047,046201,Brooklyn,36047046201
"Census Tract 464, Kings County, New York",38.1,32.4,43889,32.3,5.1,5.2,36,047,046400,Brooklyn,36047046400
"Census Tract 500, Kings County, New York",44.4,78.3,78313,9.6,5.3,6.0,36,047,050000,Brooklyn,36047050000
"Census Tract 772, Kings County, New York",40.6,47.0,61117,15.4,5.2,3.5,36,047,077200,Brooklyn,36047077200
"Census Tract 722, Kings County, New York",50.1,69.2,61286,14.1,16.5,0.0,36,047,072200,Brooklyn,36047072200
"Census Tract 734, Kings County, New York",47.0,49.1,84167,4.2,6.1,3.0,36,047,073400,Brooklyn,36047073400
"Census Tract 744, Kings County, New York",31.2,17.7,102125,12.6,5.5,4.5,36,047,074400,Brooklyn,36047074400
"Census Tract 756, Kings County, New York",32.0,35.7,62935,15.7,6.1,6.2,36,047,075600,Brooklyn,36047075600
"Census Tract 786, Kings County, New York",41.5,62.7,42482,19.0,12.6,2.3,36,047,078600,Brooklyn,36047078600
"Census Tract 824, Kings County, New York",50.5,66.2,44432,21.2,16.5,0.0,36,047,082400,Brooklyn,36047082400
"Census Tract 838, Kings County, New York",50.0,58.9,66618,3.9,5.6,0.7,36,047,083800,Brooklyn,36047083800
"Census Tract 184, Kings County, New York",44.1,46.8,76210,10.3,6.2,0.4,36,047,018400,Brooklyn,36047018400
"Census Tract 187, Kings County, New York",37.7,63.2,89375,14.2,7.5,9.4,36,047,018700,Brooklyn,36047018700
"Census Tract 190, Kings County, New York",48.5,57.8,45132,23.8,17.6,3.7,36,047,019000,Brooklyn,36047019000
"Census Tract 195, Kings County, New York",40.5,63.7,84187,12.8,4.9,9.7,36,047,019500,Brooklyn,36047019500
"Census Tract 199, Kings County, New York",35.6,72.4,67656,14.0,2.9,3.7,36,047,019900,Brooklyn,36047019900
"Census Tract 9, Kings County, New York",30.4,78.0,121083,7.7,5.1,7.0,36,047,000900,Brooklyn,36047000900
"Census Tract 22, Kings County, New York",39.4,64.9,36563,29.3,10.5,3.1,36,047,002200,Brooklyn,36047002200
"Census Tract 37, Kings County, New York",30.3,75.4,102386,10.5,5.4,9.1,36,047,003700,Brooklyn,36047003700
"Census Tract 46, Kings County, New York",34.4,38.4,118333,2.3,6.5,8.3,36,047,004600,Brooklyn,36047004600
"Census Tract 47, Kings County, New York",37.6,63.6,101150,8.7,12.2,4.5,36,047,004700,Brooklyn,36047004700
"Census Tract 66, Kings County, New York",38.5,54.4,59981,15.0,18.4,3.5,36,047,006600,Brooklyn,36047006600
"Census Tract 74, Kings County, New York",41.7,60.6,46204,32.8,8.6,0.9,36,047,007400,Brooklyn,36047007400
"Census Tract 78, Kings County, New York",45.6,73.2,42000,25.9,10.0,2.8,36,047,007800,Brooklyn,36047007800
"Census Tract 112, Kings County, New York",43.3,53.4,30032,33.6,8.5,5.3,36,047,011200,Brooklyn,36047011200
"Census Tract 120, Kings County, New York",39.7,55.6,28750,33.7,10.0,0.0,36,047,012000,Brooklyn,36047012000
"Census Tract 21, Kings County, New York",32.9,62.9,208036,7.6,5.5,10.3,36,047,002100,Brooklyn,36047002100
"Census Tract 30, Kings County, New York",39.8,42.7,68958,13.5,5.9,0.6,36,047,003000,Brooklyn,36047003000
"Census Tract 33, Kings County, New York",28.5,63.1,105642,17.0,4.9,5.7,36,047,003300,Brooklyn,36047003300
"Census Tract 151, Richmond County, New York",39.7,28.6,86928,5.5,5.1,0.7,36,085,015100,Staten Island,36085015100
"Census Tract 156.03, Richmond County, New York",53.7,30.2,90604,8.9,4.5,2.4,36,085,015603,Staten Island,36085015603
"Census Tract 189.02, Richmond County, New York",36.8,23.4,67813,11.2,5.0,4.3,36,085,018902,Staten Island,36085018902
"Census Tract 201, Richmond County, New York",36.2,18.6,82350,15.0,9.8,0.9,36,085,020100,Staten Island,36085020100
"Census Tract 291.02, Richmond County, New York",48.8,25.2,84559,5.9,6.9,0.8,36,085,029102,Staten Island,36085029102
"Census Tract 303.01, Richmond County, New York",47.4,35.3,65606,8.7,7.4,1.4,36,085,030301,Staten Island,36085030301
"Census Tract 8, Richmond County, New York",40.5,32.5,76524,11.3,3.7,2.4,36,085,000800,Staten Island,36085000800
"Census Tract 39, Richmond County, New York",45.8,44.5,60650,12.9,12.7,0.4,36,085,003900,Staten Island,36085003900
"Census Tract 125, Richmond County, New York",37.1,37.3,82155,11.6,7.7,2.2,36,085,012500,Staten Island,36085012500
"Census Tract 134, Richmond County, New York",39.7,23.6,73328,8.4,5.4,2.1,36,085,013400,Staten Island,36085013400
"Census Tract 20.01, Richmond County, New York",35.3,40.8,84135,4.7,10.5,0.5,36,085,002001,Staten Island,36085002001
"Census Tract 64, Richmond County, New York",37.9,38.0,52000,17.8,13.6,4.4,36,085,006400,Staten Island,36085006400
"Census Tract 114.01, Richmond County, New York",47.0,43.5,28802,30.6,12.9,2.1,36,085,011401,Staten Island,36085011401
"Census Tract 238.02, New York County, New York",39.9,70.9,114545,18.2,7.0,7.5,36,061,023802,Manhattan,36061023802
"Census Tract 242, New York County, New York",37.1,78.4,18275,48.2,10.4,1.9,36,061,024200,Manhattan,36061024200
"Census Tract 257, New York County, New York",36.2,75.3,76686,10.9,8.5,10.5,36,061,025700,Manhattan,36061025700
"Census Tract 259, New York County, New York",33.3,68.0,54913,25.0,11.9,1.6,36,061,025900,Manhattan,36061025900
"Census Tract 299, New York County, New York",46.9,76.8,23661,37.6,19.3,2.4,36,061,029900,Manhattan,36061029900
"Census Tract 317.03, New York County, New York",23.6,45.1,182401,4.3,2.7,4.1,36,061,031703,Manhattan,36061031703
"Census Tract 302, Kings County, New York",47.5,62.2,60370,15.8,11.9,2.1,36,047,030200,Brooklyn,36047030200
"Census Tract 308, Kings County, New York",56.4,64.0,50189,17.9,7.2,0.0,36,047,030800,Brooklyn,36047030800
"Census Tract 200, Kings County, New York",41.0,44.9,58000,14.8,6.7,3.4,36,047,020000,Brooklyn,36047020000
"Census Tract 176, Kings County, New York",50.5,61.3,55865,12.6,2.9,0.4,36,047,017600,Brooklyn,36047017600
"Census Tract 185.01, Kings County, New York",37.6,60.5,17407,54.2,33.0,6.3,36,047,018501,Brooklyn,36047018501
"Census Tract 202, Kings County, New York",42.6,38.6,95152,4.8,13.2,2.0,36,047,020200,Brooklyn,36047020200
"Census Tract 208, Kings County, New York",48.7,52.1,56003,18.5,9.0,2.3,36,047,020800,Brooklyn,36047020800
"Census Tract 218, Kings County, New York",28.2,28.0,35721,44.4,4.2,6.8,36,047,021800,Brooklyn,36047021800
"Census Tract 229, Kings County, New York",37.5,67.7,51645,19.3,8.0,7.7,36,047,022900,Brooklyn,36047022900
"Census Tract 233, Kings County, New York",39.2,78.2,33141,33.0,19.3,3.1,36,047,023300,Brooklyn,36047023300
"Census Tract 245, Kings County, New York",42.1,70.0,51605,20.6,20.5,2.7,36,047,024500,Brooklyn,36047024500
"Census Tract 251, Kings County, New York",41.9,74.1,27125,36.0,23.3,0.0,36,047,025100,Brooklyn,36047025100
"Census Tract 255, Kings County, New York",41.7,77.0,22500,42.9,18.1,0.9,36,047,025500,Brooklyn,36047025500
"Census Tract 264, Kings County, New York",54.0,56.9,47336,20.5,5.4,1.7,36,047,026400,Brooklyn,36047026400
"Census Tract 269, Kings County, New York",42.3,60.6,48841,12.6,13.5,2.9,36,047,026900,Brooklyn,36047026900
"Census Tract 281, Kings County, New York",46.3,85.0,25082,52.7,19.3,0.5,36,047,028100,Brooklyn,36047028100
"Census Tract 284, Kings County, New York",48.2,61.0,51849,20.9,13.8,3.4,36,047,028400,Brooklyn,36047028400
"Census Tract 663, Queens County, New York",39.4,40.5,95854,5.0,3.6,1.4,36,081,066300,Queens,36081066300
"Census Tract 687, Queens County, New York",45.8,64.3,57452,13.9,2.4,0.8,36,081,068700,Queens,36081068700
"Census Tract 694, Queens County, New York",50.3,37.6,80598,16.4,8.3,0.5,36,081,069400,Queens,36081069400
"Census Tract 54, Kings County, New York",46.9,61.7,59696,15.2,8.4,3.0,36,047,005400,Brooklyn,36047005400
"Census Tract 348, Kings County, New York",43.9,57.7,46346,29.8,12.2,5.6,36,047,034800,Brooklyn,36047034800
"Census Tract 449, Kings County, New York",38.2,65.7,33831,38.8,13.9,2.5,36,047,044900,Brooklyn,36047044900
"Census Tract 460, Kings County, New York",35.8,37.2,45938,28.0,9.0,2.4,36,047,046000,Brooklyn,36047046000
"Census Tract 485, Kings County, New York",34.4,68.5,85924,18.5,6.4,4.6,36,047,048500,Brooklyn,36047048500
"Census Tract 508.01, Kings County, New York",44.4,81.4,40417,29.9,15.4,3.3,36,047,050801,Brooklyn,36047050801
"Census Tract 508.03, Kings County, New York",39.5,76.6,38807,15.2,13.2,6.5,36,047,050803,Brooklyn,36047050803
"Census Tract 508.04, Kings County, New York",41.1,80.2,50440,18.6,9.9,3.7,36,047,050804,Brooklyn,36047050804
"Census Tract 510.01, Kings County, New York",45.1,77.0,44332,7.4,13.4,5.9,36,047,051001,Brooklyn,36047051001
"Census Tract 510.02, Kings County, New York",49.1,83.4,45982,16.7,12.3,2.8,36,047,051002,Brooklyn,36047051002
"Census Tract 516.01, Kings County, New York",43.2,72.6,34241,18.6,10.1,0.8,36,047,051601,Brooklyn,36047051601
"Census Tract 516.02, Kings County, New York",43.7,62.5,38813,21.2,8.8,6.5,36,047,051602,Brooklyn,36047051602
"Census Tract 561, Kings County, New York",37.6,71.2,80000,9.4,5.6,3.5,36,047,056100,Brooklyn,36047056100
"Census Tract 610.03, Kings County, New York",38.0,60.6,45202,23.8,10.2,4.6,36,047,061003,Brooklyn,36047061003
"Census Tract 610.04, Kings County, New York",48.2,55.3,23583,32.9,7.7,1.6,36,047,061004,Brooklyn,36047061004
"Census Tract 620, Kings County, New York",39.4,25.4,103929,10.0,6.3,21.6,36,047,062000,Brooklyn,36047062000
"Census Tract 696.01, Kings County, New York",46.7,43.9,53047,15.5,16.0,3.3,36,047,069601,Brooklyn,36047069601
"Census Tract 696.02, Kings County, New York",37.8,23.3,89375,9.7,7.1,1.4,36,047,069602,Brooklyn,36047069602
"Census Tract 768, Kings County, New York",34.3,38.7,44858,25.3,9.7,5.3,36,047,076800,Brooklyn,36047076800
"Census Tract 796.01, Kings County, New York",40.9,77.2,46450,11.8,10.5,1.2,36,047,079601,Brooklyn,36047079601
"Census Tract 796.02, Kings County, New York",43.9,73.3,38227,28.6,10.5,3.8,36,047,079602,Brooklyn,36047079602
"Census Tract 798.01, Kings County, New York",47.0,74.0,61250,8.5,16.2,7.4,36,047,079801,Brooklyn,36047079801
"Census Tract 798.02, Kings County, New York",40.4,78.2,53221,17.4,15.7,4.2,36,047,079802,Brooklyn,36047079802
"Census Tract 808, Kings County, New York",40.4,92.2,9829,71.4,62.7,0.0,36,047,080800,Brooklyn,36047080800
"Census Tract 924, Kings County, New York",42.7,63.9,37266,21.3,10.4,1.8,36,047,092400,Brooklyn,36047092400
"Census Tract 932, Kings County, New York",38.5,51.0,83500,4.3,13.9,1.1,36,047,093200,Brooklyn,36047093200
"Census Tract 946, Kings County, New York",43.1,48.8,60950,11.7,10.8,0.0,36,047,094600,Brooklyn,36047094600
"Census Tract 1058.01, Kings County, New York",52.5,62.1,25276,34.1,13.8,0.0,36,047,105801,Brooklyn,36047105801
"Census Tract 1058.04, Kings County, New York",51.2,61.7,27649,32.8,15.3,0.0,36,047,105804,Brooklyn,36047105804
"Census Tract 1104, Kings County, New York",49.8,70.9,44063,22.0,11.4,4.1,36,047,110400,Brooklyn,36047110400
"Census Tract 1116, Kings County, New York",48.5,71.3,36175,37.8,8.5,0.8,36,047,111600,Brooklyn,36047111600
"Census Tract 110, Queens County, New York",47.9,68.3,70597,19.6,10.2,0.1,36,081,011000,Queens,36081011000
"Census Tract 112, Queens County, New York",48.0,48.8,46484,26.2,14.0,9.9,36,081,011200,Queens,36081011200
"Census Tract 122, Queens County, New York",42.1,49.4,67524,19.1,10.9,7.7,36,081,012200,Queens,36081012200
"Census Tract 124, Queens County, New York",42.8,50.0,57261,20.9,6.0,2.9,36,081,012400,Queens,36081012400
"Census Tract 134, Queens County, New York",40.1,53.3,61105,12.0,8.0,1.4,36,081,013400,Queens,36081013400
"Census Tract 138, Queens County, New York",45.1,64.4,57917,16.9,4.2,1.7,36,081,013800,Queens,36081013800
"Census Tract 143, Queens County, New York",38.3,63.1,57056,13.6,6.8,3.0,36,081,014300,Queens,36081014300
"Census Tract 159, Queens County, New York",40.6,77.9,43807,26.0,7.0,1.1,36,081,015900,Queens,36081015900
"Census Tract 780, Kings County, New York",41.3,56.2,81299,4.7,9.1,0.1,36,047,078000,Brooklyn,36047078000
"Census Tract 784, Kings County, New York",45.2,60.1,93176,8.6,4.5,2.7,36,047,078400,Brooklyn,36047078400
"Census Tract 1142.02, Kings County, New York",50.1,57.0,41352,15.9,10.6,4.5,36,047,114202,Brooklyn,36047114202
"Census Tract 1176.01, Kings County, New York",43.4,69.0,44088,26.2,9.1,1.2,36,047,117601,Brooklyn,36047117601
"Census Tract 505, Kings County, New York",36.7,74.8,30216,30.8,12.6,3.8,36,047,050500,Brooklyn,36047050500
"Census Tract 468, Kings County, New York",30.2,31.9,34063,36.9,7.9,4.8,36,047,046800,Brooklyn,36047046800
"Census Tract 484, Kings County, New York",34.9,43.8,40724,34.1,4.1,2.2,36,047,048400,Brooklyn,36047048400
"Census Tract 495, Kings County, New York",31.6,76.8,73913,13.3,5.6,5.8,36,047,049500,Brooklyn,36047049500
"Census Tract 537, Kings County, New York",20.8,19.3,26346,49.2,1.5,0.6,36,047,053700,Brooklyn,36047053700
"Census Tract 543, Kings County, New York",39.0,46.0,92500,10.2,10.3,25.2,36,047,054300,Brooklyn,36047054300
"Census Tract 558, Kings County, New York",37.6,46.8,53233,16.1,10.8,2.1,36,047,055800,Brooklyn,36047055800
"Census Tract 565, Kings County, New York",35.3,69.2,78445,9.9,7.7,3.7,36,047,056500,Brooklyn,36047056500
"Census Tract 568, Kings County, New York",50.0,49.7,79583,11.2,1.3,5.0,36,047,056800,Brooklyn,36047056800
"Census Tract 610.02, Kings County, New York",44.5,44.2,68750,7.1,4.2,1.1,36,047,061002,Brooklyn,36047061002
"Census Tract 628, Kings County, New York",37.4,27.7,70260,6.2,12.5,1.0,36,047,062800,Brooklyn,36047062800
"Census Tract 642, Kings County, New York",37.8,35.1,59732,14.1,3.8,7.8,36,047,064200,Brooklyn,36047064200
"Census Tract 680, Kings County, New York",49.8,50.9,69375,24.0,10.7,0.0,36,047,068000,Brooklyn,36047068000
"Census Tract 724, Kings County, New York",60.3,60.7,76071,5.6,15.1,1.1,36,047,072400,Brooklyn,36047072400
"Census Tract 728, Kings County, New York",51.7,59.6,67102,4.5,7.6,0.0,36,047,072800,Brooklyn,36047072800
"Census Tract 750, Kings County, New York",35.0,41.7,52774,21.2,9.0,3.3,36,047,075000,Brooklyn,36047075000
"Census Tract 760, Kings County, New York",40.4,53.0,41364,19.7,9.7,3.0,36,047,076000,Brooklyn,36047076000
"Census Tract 816, Kings County, New York",45.5,64.7,45125,21.4,11.3,3.9,36,047,081600,Brooklyn,36047081600
"Census Tract 828, Kings County, New York",47.1,83.1,47269,16.0,6.8,1.8,36,047,082800,Brooklyn,36047082800
"Census Tract 832, Kings County, New York",44.6,58.6,62083,3.9,9.7,1.1,36,047,083200,Brooklyn,36047083200
"Census Tract 850, Kings County, New York",48.4,51.0,75417,10.7,6.6,2.6,36,047,085000,Brooklyn,36047085000
"Census Tract 198, New York County, New York",29.6,65.9,70481,16.8,9.1,7.8,36,061,019800,Manhattan,36061019800
"Census Tract 298, Kings County, New York",40.8,51.9,55938,11.1,5.5,1.1,36,047,029800,Brooklyn,36047029800
"Census Tract 300, Kings County, New York",44.7,60.1,64615,15.0,5.3,0.0,36,047,030000,Brooklyn,36047030000
"Census Tract 323, Kings County, New York",40.3,67.8,53851,16.0,16.5,4.4,36,047,032300,Brooklyn,36047032300
"Census Tract 325, Kings County, New York",42.9,70.6,43245,18.2,14.7,3.1,36,047,032500,Brooklyn,36047032500
"Census Tract 329, Kings County, New York",52.1,59.6,47578,19.7,23.0,3.5,36,047,032900,Brooklyn,36047032900
"Census Tract 339, Kings County, New York",40.5,72.9,34231,32.4,9.9,2.0,36,047,033900,Brooklyn,36047033900
"Census Tract 345, Kings County, New York",40.9,62.9,31701,34.5,15.8,0.0,36,047,034500,Brooklyn,36047034500
"Census Tract 347, Kings County, New York",42.3,73.6,29114,35.3,12.9,5.6,36,047,034700,Brooklyn,36047034700
"Census Tract 90, Kings County, New York",48.5,66.9,36925,29.7,6.2,2.3,36,047,009000,Brooklyn,36047009000
"Census Tract 82, Kings County, New York",38.7,71.4,35511,33.5,10.2,0.6,36,047,008200,Brooklyn,36047008200
"Census Tract 85, Kings County, New York",44.8,71.1,14000,52.7,28.2,0.0,36,047,008500,Brooklyn,36047008500
"Census Tract 86, Kings County, New York",-666666666.0,-666666666.0,-666666666,-666666666.0,-666666666.0,-666666666.0,36,047,008600,Brooklyn,36047008600
"Census Tract 44, Bronx County, New York",43.2,72.4,22719,34.8,26.1,2.8,36,005,004400,Bronx,36005004400
"Census Tract 48, Bronx County, New York",42.1,71.0,30301,33.2,14.0,3.4,36,005,004800,Bronx,36005004800
"Census Tract 59.02, Bronx County, New York",40.1,66.5,38542,26.9,14.2,8.7,36,005,005902,Bronx,36005005902
"Census Tract 83, Bronx County, New York",42.1,74.2,19818,41.9,14.1,3.5,36,005,008300,Bronx,36005008300
"Census Tract 84, Bronx County, New York",41.8,54.2,60135,13.6,10.2,0.0,36,005,008400,Bronx,36005008400
"Census Tract 12, New York County, New York",30.7,54.6,41705,17.6,5.5,2.6,36,061,001200,Manhattan,36061001200
"Census Tract 14.01, New York County, New York",29.0,60.1,76250,5.7,1.8,8.2,36,061,001401,Manhattan,36061001401
"Census Tract 15.01, New York County, New York",22.5,50.6,81867,10.3,5.0,5.0,36,061,001501,Manhattan,36061001501
"Census Tract 43, New York County, New York",27.8,66.6,71635,18.0,8.6,5.8,36,061,004300,Manhattan,36061004300
"Census Tract 49, New York County, New York",22.9,46.8,97929,4.7,5.0,9.2,36,061,004900,Manhattan,36061004900
"Census Tract 33, New York County, New York",24.8,50.6,250001,4.1,3.5,8.9,36,061,003300,Manhattan,36061003300
"Census Tract 36.02, New York County, New York",27.1,56.7,81250,24.7,15.5,11.8,36,061,003602,Manhattan,36061003602
"Census Tract 48, New York County, New York",23.9,52.3,106789,9.3,7.3,10.1,36,061,004800,Manhattan,36061004800
"Census Tract 147.02, Bronx County, New York",44.9,80.9,17782,57.8,19.7,2.2,36,005,014702,Bronx,36005014702
"Census Tract 152, Bronx County, New York",36.3,33.0,70162,14.0,8.5,1.7,36,005,015200,Bronx,36005015200
"Census Tract 159, Bronx County, New York",46.3,67.6,16027,51.0,13.1,1.6,36,005,015900,Bronx,36005015900
"Census Tract 177.01, Bronx County, New York",30.2,49.9,25022,46.7,15.6,0.0,36,005,017701,Bronx,36005017701
"Census Tract 177.02, Bronx County, New York",41.2,62.4,23485,42.1,15.7,8.9,36,005,017702,Bronx,36005017702
"Census Tract 179.01, Bronx County, New York",39.7,68.0,21376,44.3,15.7,6.3,36,005,017901,Bronx,36005017901
"Census Tract 179.02, Bronx County, New York",43.3,75.9,20852,41.3,13.9,10.7,36,005,017902,Bronx,36005017902
"Census Tract 181.01, Bronx County, New York",41.1,68.0,27371,34.5,12.0,2.4,36,005,018101,Bronx,36005018101
"Census Tract 181.02, Bronx County, New York",41.0,80.4,38250,33.7,14.8,3.0,36,005,018102,Bronx,36005018102
"Census Tract 183.01, Bronx County, New York",35.8,56.0,29987,23.9,16.3,8.0,36,005,018301,Bronx,36005018301
"Census Tract 183.02, Bronx County, New York",43.5,65.3,31324,36.4,16.8,9.3,36,005,018302,Bronx,36005018302
"Census Tract 56.01, Kings County, New York",53.1,64.4,53984,13.2,11.3,3.2,36,047,005601,Brooklyn,36047005601
"Census Tract 56.02, Kings County, New York",45.2,52.5,60164,9.2,3.8,4.9,36,047,005602,Brooklyn,36047005602
"Census Tract 58, Kings County, New York",37.6,49.7,50528,21.9,6.5,4.6,36,047,005800,Brooklyn,36047005800
"Census Tract 59, Kings County, New York",40.7,45.8,57143,19.1,12.1,16.2,36,047,005900,Brooklyn,36047005900
"Census Tract 64, Kings County, New York",40.1,56.9,64214,11.3,9.5,2.8,36,047,006400,Brooklyn,36047006400
"Census Tract 94, Kings County, New York",44.9,59.0,40239,36.8,10.1,0.2,36,047,009400,Brooklyn,36047009400
"Census Tract 104, Kings County, New York",40.4,54.5,37787,30.2,11.0,0.4,36,047,010400,Brooklyn,36047010400
"Census Tract 130, Kings County, New York",40.9,56.5,57549,24.4,8.0,8.4,36,047,013000,Brooklyn,36047013000
"Census Tract 132, Kings County, New York",44.3,52.5,56167,18.5,6.5,2.7,36,047,013200,Brooklyn,36047013200
"Census Tract 206, Kings County, New York",43.8,48.8,89743,7.3,9.7,0.6,36,047,020600,Brooklyn,36047020600
"Census Tract 210, Kings County, New York",44.9,51.3,44722,23.3,12.7,1.6,36,047,021000,Brooklyn,36047021000
"Census Tract 222, Kings County, New York",28.9,30.9,35094,45.0,5.2,3.7,36,047,022200,Brooklyn,36047022200
"Census Tract 227, Kings County, New York",38.1,72.3,53363,14.2,12.3,11.2,36,047,022700,Brooklyn,36047022700
"Census Tract 230, Kings County, New York",34.4,39.0,31102,38.0,6.7,8.0,36,047,023000,Brooklyn,36047023000
"Census Tract 248, Kings County, New York",40.2,68.8,46310,25.6,5.4,2.4,36,047,024800,Brooklyn,36047024800
"Census Tract 252, Kings County, New York",42.1,51.6,42302,18.8,8.8,0.0,36,047,025200,Brooklyn,36047025200
"Census Tract 257, Kings County, New York",38.6,62.2,51310,34.6,16.8,2.4,36,047,025700,Brooklyn,36047025700
"Census Tract 262, Kings County, New York",43.6,62.7,57121,21.3,14.7,4.9,36,047,026200,Brooklyn,36047026200
"Census Tract 267, Kings County, New York",41.4,71.7,41458,21.4,12.9,2.2,36,047,026700,Brooklyn,36047026700
"Census Tract 34, Queens County, New York",44.9,47.7,74000,14.1,14.5,5.1,36,081,003400,Queens,36081003400
"Census Tract 1129, Queens County, New York",39.1,29.6,90455,5.6,7.1,7.2,36,081,112900,Queens,36081112900
"Census Tract 553, Queens County, New York",35.0,77.7,46780,28.9,5.0,1.4,36,081,055300,Queens,36081055300
"Census Tract 627, Queens County, New York",39.8,52.2,66380,5.4,3.8,0.6,36,081,062700,Queens,36081062700
"Census Tract 677, Queens County, New York",38.0,37.9,87802,2.6,4.6,2.4,36,081,067700,Queens,36081067700
"Census Tract 799, Queens County, New York",39.7,42.4,42250,21.4,10.8,0.0,36,081,079900,Queens,36081079900
"Census Tract 991, Queens County, New York",44.0,21.7,88793,4.0,6.1,1.8,36,081,099100,Queens,36081099100
"Census Tract 100, Queens County, New York",50.7,40.8,66696,19.8,8.6,0.0,36,081,010000,Queens,36081010000
"Census Tract 608, Queens County, New York",52.9,45.6,84821,5.8,7.6,2.2,36,081,060800,Queens,36081060800
"Census Tract 24, Queens County, New York",48.7,62.0,60506,15.3,8.8,0.4,36,081,002400,Queens,36081002400
"Census Tract 59, Queens County, New York",36.2,75.2,66875,12.3,7.3,1.3,36,081,005900,Queens,36081005900
"Census Tract 91, Queens County, New York",41.4,63.3,65809,11.3,7.9,4.7,36,081,009100,Queens,36081009100
"Census Tract 140, Queens County, New York",40.4,40.2,67054,7.4,6.5,7.9,36,081,014000,Queens,36081014000
"Census Tract 255, Queens County, New York",39.1,75.5,77396,11.0,7.7,1.2,36,081,025500,Queens,36081025500
"Census Tract 352, Queens County, New York",48.4,41.4,74336,6.2,8.3,2.3,36,081,035200,Queens,36081035200
"Census Tract 403, Queens County, New York",45.5,78.9,46188,23.8,4.1,1.8,36,081,040300,Queens,36081040300
"Census Tract 481, Queens County, New York",36.8,59.3,35654,16.2,5.8,1.2,36,081,048100,Queens,36081048100
"Census Tract 521, Queens County, New York",35.6,46.5,60260,15.9,5.5,0.2,36,081,052100,Queens,36081052100
"Census Tract 594, Queens County, New York",43.9,29.2,89500,3.5,13.1,1.7,36,081,059400,Queens,36081059400
"Census Tract 633.02, Queens County, New York",33.1,34.0,66983,4.6,5.9,1.5,36,081,063302,Queens,36081063302
"Census Tract 693, Queens County, New York",41.5,69.0,42389,24.3,7.5,5.0,36,081,069300,Queens,36081069300
"Census Tract 1072.02, Queens County, New York",-666666666.0,-666666666.0,-666666666,-666666666.0,-666666666.0,-666666666.0,36,081,107202,Queens,36081107202
"Census Tract 1151, Queens County, New York",36.8,19.4,70404,3.4,2.7,6.4,36,081,115100,Queens,36081115100
"Census Tract 1201, Queens County, New York",42.3,40.1,44336,13.6,5.7,5.3,36,081,120100,Queens,36081120100
"Census Tract 1203, Queens County, New York",45.9,31.2,60625,20.8,10.5,0.9,36,081,120300,Queens,36081120300
"Census Tract 484, Queens County, New York",49.8,51.6,61184,8.4,12.9,1.1,36,081,048400,Queens,36081048400
"Census Tract 493.01, Queens County, New York",38.1,50.9,60426,7.0,7.4,1.8,36,081,049301,Queens,36081049301
"Census Tract 497, Queens County, New York",40.4,55.7,45417,11.3,4.5,0.0,36,081,049700,Queens,36081049700
"Census Tract 502.01, Queens County, New York",44.3,50.0,74813,2.5,9.4,2.0,36,081,050201,Queens,36081050201
"Census Tract 510, Queens County, New York",56.6,48.2,115069,4.5,16.1,1.2,36,081,051000,Queens,36081051000
"Census Tract 520, Queens County, New York",53.9,46.3,102625,3.6,6.6,3.1,36,081,052000,Queens,36081052000
"Census Tract 551, Queens County, New York",40.0,82.7,45179,20.1,10.2,0.5,36,081,055100,Queens,36081055100
"Census Tract 562, Queens County, New York",43.9,26.5,88958,12.3,8.1,4.8,36,081,056200,Queens,36081056200
"Census Tract 565, Queens County, New York",32.0,55.2,50893,22.0,5.0,2.8,36,081,056500,Queens,36081056500
"Census Tract 567, Queens County, New York",35.0,55.6,80838,6.9,5.3,1.9,36,081,056700,Queens,36081056700
"Census Tract 568, Queens County, New York",43.3,29.2,64858,7.3,13.1,5.0,36,081,056800,Queens,36081056800
"Census Tract 585, Queens County, New York",38.0,63.6,52917,14.9,7.0,1.8,36,081,058500,Queens,36081058500
"Census Tract 587, Queens County, New York",37.5,54.8,47331,13.0,3.4,3.5,36,081,058700,Queens,36081058700
"Census Tract 618, Queens County, New York",49.0,37.2,60938,3.6,5.0,0.4,36,081,061800,Queens,36081061800
"Census Tract 626, Queens County, New York",51.8,45.8,86196,7.1,4.8,1.3,36,081,062600,Queens,36081062600
"Census Tract 4, Queens County, New York",48.4,74.5,54773,13.3,5.7,2.6,36,081,000400,Queens,36081000400
"Census Tract 22, Queens County, New York",44.8,59.8,58333,13.4,11.9,1.4,36,081,002200,Queens,36081002200
"Census Tract 31, Queens County, New York",33.3,74.2,56667,18.5,4.8,5.5,36,081,003100,Queens,36081003100
"Census Tract 65.01, Queens County, New York",35.9,71.5,59964,12.3,1.3,5.1,36,081,006501,Queens,36081006501
"Census Tract 65.02, Queens County, New York",37.9,73.8,61750,18.0,7.9,0.8,36,081,006502,Queens,36081006502
"Census Tract 85, Queens County, New York",37.0,56.6,34904,18.1,10.0,0.8,36,081,008500,Queens,36081008500
"Census Tract 125, Queens County, New York",35.9,67.7,57593,9.6,10.3,3.4,36,081,012500,Queens,36081012500
"Census Tract 158.01, Queens County, New York",41.1,43.5,63578,14.5,8.6,1.5,36,081,015801,Queens,36081015801
"Census Tract 158.02, Queens County, New York",46.6,56.9,65664,9.8,12.2,0.8,36,081,015802,Queens,36081015802
"Census Tract 181.01, Queens County, New York",36.1,72.3,50850,17.0,10.1,3.5,36,081,018101,Queens,36081018101
"Census Tract 181.02, Queens County, New York",39.1,78.2,50750,15.4,1.9,2.6,36,081,018102,Queens,36081018102
"Census Tract 185.01, Queens County, New York",41.2,67.8,65680,16.0,2.2,7.3,36,081,018501,Queens,36081018501
"Census Tract 185.02, Queens County, New York",37.5,75.7,66139,17.8,3.0,5.0,36,081,018502,Queens,36081018502
"Census Tract 185, Bronx County, New York",48.4,65.1,26496,43.8,19.7,8.7,36,005,018500,Bronx,36005018500
"Census Tract 244.01, Richmond County, New York",44.6,16.5,76787,4.4,6.6,3.9,36,085,024401,Staten Island,36085024401
"Census Tract 244.02, Richmond County, New York",44.3,17.2,75167,6.5,8.3,4.0,36,085,024402,Staten Island,36085024402
"Census Tract 277.05, Richmond County, New York",42.3,31.1,87800,5.5,4.1,0.7,36,085,027705,Staten Island,36085027705
"Census Tract 277.06, Richmond County, New York",50.5,25.1,82308,7.5,5.5,5.6,36,085,027706,Staten Island,36085027706
"Census Tract 9901, Richmond County, New York",-666666666.0,-666666666.0,-666666666,-666666666.0,-666666666.0,-666666666.0,36,085,990100,Staten Island,36085990100
"Census Tract 40.01, Queens County, New York",48.0,53.8,67667,13.1,7.7,6.1,36,081,004001,Queens,36081004001
"Census Tract 54, Queens County, New York",46.2,49.6,58125,23.0,12.2,2.6,36,081,005400,Queens,36081005400
"Census Tract 58, Queens County, New York",43.1,38.7,72639,11.3,10.8,2.5,36,081,005800,Queens,36081005800
"Census Tract 63, Queens County, New York",39.3,81.3,60633,20.2,5.7,3.9,36,081,006300,Queens,36081006300
"Census Tract 88, Queens County, New York",40.6,44.5,80363,7.0,10.4,1.4,36,081,008800,Queens,36081008800
"Census Tract 97, Queens County, New York",36.4,64.4,78319,5.4,6.3,5.5,36,081,009700,Queens,36081009700
"Census Tract 106, Queens County, New York",43.6,55.4,55625,20.6,11.3,0.3,36,081,010600,Queens,36081010600
"Census Tract 235, Queens County, New York",35.6,74.1,48859,24.5,6.0,1.3,36,081,023500,Queens,36081023500
"Census Tract 284, Queens County, New York",46.3,50.4,61964,23.1,8.3,1.2,36,081,028400,Queens,36081028400
"Census Tract 291, Queens County, New York",37.5,79.1,33785,23.5,7.9,1.6,36,081,029100,Queens,36081029100
"Census Tract 384, Queens County, New York",48.7,39.8,62500,9.4,16.3,1.5,36,081,038400,Queens,36081038400
"Census Tract 401, Queens County, New York",37.4,71.8,47702,22.9,5.9,1.2,36,081,040100,Queens,36081040100
"Census Tract 411, Queens County, New York",39.1,62.4,47448,24.2,7.1,3.0,36,081,041100,Queens,36081041100
"Census Tract 414, Queens County, New York",48.4,53.0,40682,15.2,15.3,1.1,36,081,041400,Queens,36081041400
"Census Tract 432, Queens County, New York",49.0,45.9,88750,2.4,9.4,6.6,36,081,043200,Queens,36081043200
"Census Tract 446.01, Queens County, New York",55.5,79.9,36553,19.6,11.7,1.2,36,081,044601,Queens,36081044601
"Census Tract 457, Queens County, New York",45.1,67.2,60583,15.1,7.7,0.0,36,081,045700,Queens,36081045700
"Census Tract 459, Queens County, New York",41.8,74.1,56806,18.4,11.0,2.2,36,081,045900,Queens,36081045900
"Census Tract 317.04, New York County, New York",33.5,60.3,152692,3.8,3.9,5.0,36,061,031704,Manhattan,36061031704
"Census Tract 797.02, Queens County, New York",38.4,48.7,32403,23.9,10.8,5.9,36,081,079702,Queens,36081079702
"Census Tract 849, Queens County, New York",36.9,38.1,26711,29.3,10.9,0.0,36,081,084900,Queens,36081084900
"Census Tract 869, Queens County, New York",33.4,39.2,34519,32.5,0.9,6.7,36,081,086900,Queens,36081086900
"Census Tract 934.01, Queens County, New York",47.4,25.9,81939,4.8,3.3,2.0,36,081,093401,Queens,36081093401
"Census Tract 934.02, Queens County, New York",50.2,30.2,70577,9.5,10.8,1.5,36,081,093402,Queens,36081093402
"Census Tract 954, Queens County, New York",52.9,44.2,61458,18.7,13.5,1.2,36,081,095400,Queens,36081095400
"Census Tract 972.03, Queens County, New York",58.5,68.5,20712,45.5,23.9,0.0,36,081,097203,Queens,36081097203
"Census Tract 972.04, Queens County, New York",58.8,46.0,40506,22.8,13.7,2.4,36,081,097204,Queens,36081097204
"Census Tract 997.05, Queens County, New York",36.2,22.2,71310,5.2,8.3,6.6,36,081,099705,Queens,36081099705
"Census Tract 997.03, Queens County, New York",40.8,28.6,94098,3.0,4.0,8.8,36,081,099703,Queens,36081099703
"Census Tract 997.04, Queens County, New York",42.5,28.2,67131,9.8,6.1,3.5,36,081,099704,Queens,36081099704
"Census Tract 998.01, Queens County, New York",46.1,33.0,61434,14.7,3.8,1.8,36,081,099801,Queens,36081099801
"Census Tract 998.02, Queens County, New York",47.7,38.5,34287,21.4,10.6,7.4,36,081,099802,Queens,36081099802
"Census Tract 1008.01, Queens County, New York",39.7,9.1,75800,21.5,9.4,6.4,36,081,100801,Queens,36081100801
"Census Tract 1008.02, Queens County, New York",54.6,38.9,59544,16.1,9.0,2.0,36,081,100802,Queens,36081100802
"Census Tract 1085, Queens County, New York",41.0,28.1,66467,11.8,9.1,1.0,36,081,108500,Queens,36081108500
"Census Tract 1093, Queens County, New York",41.3,31.4,95109,1.5,10.4,2.5,36,081,109300,Queens,36081109300
"Census Tract 1277, Queens County, New York",45.7,37.6,103472,7.6,3.9,6.9,36,081,127700,Queens,36081127700
"Census Tract 1291.03, Queens County, New York",38.0,29.6,72143,7.0,7.8,2.4,36,081,129103,Queens,36081129103
"Census Tract 1291.04, Queens County, New York",38.1,24.0,89527,5.9,4.6,3.0,36,081,129104,Queens,36081129104
"Census Tract 1417, Queens County, New York",48.0,38.3,79226,4.2,10.4,3.5,36,081,141700,Queens,36081141700
"Census Tract 9901, Queens County, New York",-666666666.0,-666666666.0,-666666666,-666666666.0,-666666666.0,-666666666.0,36,081,990100,Queens,36081990100
"Census Tract 1211, Queens County, New York",-666666666.0,-666666666.0,-666666666,-666666666.0,-666666666.0,-666666666.0,36,081,121100,Queens,36081121100
"Census Tract 1215, Queens County, New York",40.6,36.7,60106,16.1,6.9,0.2,36,081,121500,Queens,36081121500
"Census Tract 1247, Queens County, New York",43.1,37.3,71790,14.0,7.5,2.1,36,081,124700,Queens,36081124700
"Census Tract 1367, Queens County, New York",45.5,32.9,61681,10.3,4.8,1.7,36,081,136700,Queens,36081136700
"Census Tract 1385.02, Queens County, New York",-666666666.0,0.0,-666666666,71.9,0.0,100.0,36,081,138502,Queens,36081138502
"Census Tract 1471, Queens County, New York",36.4,35.1,70086,5.8,11.0,0.0,36,081,147100,Queens,36081147100
"Census Tract 1529.02, Queens County, New York",36.1,14.6,86552,4.9,6.3,3.7,36,081,152902,Queens,36081152902
"Census Tract 1617, Queens County, New York",35.4,22.0,73929,2.9,1.7,1.4,36,081,161700,Queens,36081161700
"Census Tract 265, Queens County, New York",37.7,66.7,49535,17.0,5.5,1.8,36,081,026500,Queens,36081026500
"Census Tract 275, Queens County, New York",39.1,66.7,49063,21.8,4.7,0.0,36,081,027500,Queens,36081027500
"Census Tract 42, Queens County, New York",43.3,57.0,48839,25.0,14.6,2.5,36,081,004200,Queens,36081004200
"Census Tract 45, Queens County, New York",40.1,67.2,71290,8.4,5.5,7.2,36,081,004500,Queens,36081004500
"Census Tract 47, Queens County, New York",42.0,74.7,29538,25.9,18.2,0.8,36,081,004700,Queens,36081004700
"Census Tract 61, Queens County, New York",37.5,77.8,59397,14.0,7.3,3.1,36,081,006100,Queens,36081006100
"Census Tract 77, Queens County, New York",35.1,64.0,78409,13.6,3.7,4.9,36,081,007700,Queens,36081007700
"Census Tract 103, Queens County, New York",39.2,63.8,60815,11.8,3.9,3.6,36,081,010300,Queens,36081010300
"Census Tract 119, Queens County, New York",41.5,73.7,55819,17.3,8.3,6.1,36,081,011900,Queens,36081011900
"Census Tract 135, Queens County, New York",33.6,40.5,56128,4.0,8.5,4.4,36,081,013500,Queens,36081013500
"Census Tract 136, Queens County, New York",40.4,54.7,65483,8.8,3.1,7.8,36,081,013600,Queens,36081013600
"Census Tract 141, Queens County, New York",38.0,71.2,64643,10.8,6.1,1.6,36,081,014100,Queens,36081014100
"Census Tract 198, Queens County, New York",48.5,57.3,40658,34.1,17.6,2.9,36,081,019800,Queens,36081019800
"Census Tract 216, Queens County, New York",48.8,64.2,59152,11.1,9.4,9.7,36,081,021600,Queens,36081021600
"Census Tract 219, Queens County, New York",-999999999.0,0.0,-666666666,0.0,0.0,0.0,36,081,021900,Queens,36081021900
"Census Tract 238, Queens County, New York",46.0,70.0,38750,28.2,11.9,1.9,36,081,023800,Queens,36081023800
"Census Tract 329, Queens County, New York",43.0,57.2,53495,16.1,6.7,3.1,36,081,032900,Queens,36081032900
"Census Tract 353, Queens County, New York",43.1,54.1,45610,26.4,11.4,4.2,36,081,035300,Queens,36081035300
"Census Tract 375, Queens County, New York",39.9,74.3,45655,21.7,7.1,1.5,36,081,037500,Queens,36081037500
"Census Tract 448, Queens County, New York",46.3,59.3,51184,21.8,10.8,0.0,36,081,044800,Queens,36081044800
"Census Tract 455, Queens County, New York",43.3,65.2,46275,17.6,7.4,1.9,36,081,045500,Queens,36081045500
"Census Tract 475, Queens County, New York",41.7,75.3,54130,19.4,6.9,0.7,36,081,047500,Queens,36081047500
"Census Tract 489, Queens County, New York",38.9,48.4,65625,8.0,3.9,0.5,36,081,048900,Queens,36081048900
"Census Tract 507, Queens County, New York",42.2,44.1,75865,12.0,7.4,4.5,36,081,050700,Queens,36081050700
"Census Tract 528, Queens County, New York",63.7,55.7,57500,13.3,13.7,1.6,36,081,052800,Queens,36081052800
"Census Tract 535, Queens County, New York",44.2,67.5,50750,17.8,9.3,3.6,36,081,053500,Queens,36081053500
"Census Tract 907, Queens County, New York",34.3,39.1,58906,13.1,9.3,5.0,36,081,090700,Queens,36081090700
"Census Tract 916.02, Queens County, New York",-666666666.0,-666666666.0,-666666666,-666666666.0,-666666666.0,-666666666.0,36,081,091602,Queens,36081091602
"Census Tract 919, Queens County, New York",40.6,45.3,46777,18.2,9.4,1.0,36,081,091900,Queens,36081091900
"Census Tract 947, Queens County, New York",44.7,44.0,61932,13.5,7.2,2.0,36,081,094700,Queens,36081094700
"Census Tract 992, Queens County, New York",45.7,49.2,39271,22.0,17.2,1.1,36,081,099200,Queens,36081099200
"Census Tract 1010.01, Queens County, New York",39.1,37.1,24703,30.0,9.2,0.8,36,081,101001,Queens,36081101001
"Census Tract 1032.02, Queens County, New York",40.0,36.3,47935,15.9,8.1,2.6,36,081,103202,Queens,36081103202
"Census Tract 1175, Queens County, New York",42.4,40.3,63670,9.1,4.1,1.1,36,081,117500,Queens,36081117500
"Census Tract 164, Queens County, New York",46.6,51.5,68750,11.1,7.7,2.7,36,081,016400,Queens,36081016400
"Census Tract 115, Queens County, New York",34.6,69.4,63519,16.9,5.5,2.2,36,081,011500,Queens,36081011500
"Census Tract 151, Queens County, New York",37.4,78.4,60771,16.3,5.8,1.3,36,081,015100,Queens,36081015100
"Census Tract 152, Queens County, New York",45.6,49.4,59214,19.3,10.2,2.3,36,081,015200,Queens,36081015200
"Census Tract 178, Queens County, New York",46.7,45.7,47679,15.6,15.5,1.7,36,081,017800,Queens,36081017800
"Census Tract 202, Queens County, New York",51.7,71.7,59044,17.5,22.2,0.0,36,081,020200,Queens,36081020200
"Census Tract 204, Queens County, New York",48.2,65.8,30417,25.8,17.1,0.1,36,081,020400,Queens,36081020400
"Census Tract 657.02, Queens County, New York",39.8,41.4,61905,6.5,6.3,1.0,36,081,065702,Queens,36081065702
"Census Tract 680, Queens County, New York",54.6,39.1,93333,2.4,7.3,4.3,36,081,068000,Queens,36081068000
"Census Tract 721, Queens County, New York",41.3,55.9,47460,14.4,13.6,4.8,36,081,072100,Queens,36081072100
"Census Tract 779.03, Queens County, New York",45.2,56.6,69216,8.1,6.2,3.4,36,081,077903,Queens,36081077903
"Census Tract 846.02, Queens County, New York",44.6,42.2,56167,22.7,14.6,0.8,36,081,084602,Queens,36081084602
"Census Tract 166, Queens County, New York",46.5,59.6,48750,9.2,12.2,3.2,36,081,016600,Queens,36081016600
"Census Tract 150, Queens County, New York",42.1,45.5,74224,12.3,7.9,1.1,36,081,015000,Queens,36081015000
"Census Tract 153, Queens County, New York",34.8,71.9,51144,14.3,5.0,6.1,36,081,015300,Queens,36081015300
"Census Tract 157, Queens County, New York",35.9,71.2,46632,24.6,8.3,3.3,36,081,015700,Queens,36081015700
"Census Tract 170, Queens County, New York",45.0,46.0,50242,15.4,14.4,0.4,36,081,017000,Queens,36081017000
"Census Tract 645, Queens County, New York",42.4,50.1,80132,8.5,8.1,8.5,36,081,064500,Queens,36081064500
"Census Tract 661, Queens County, New York",39.7,37.5,75313,6.2,10.6,3.6,36,081,066100,Queens,36081066100
"Census Tract 664, Queens County, New York",54.2,34.8,88162,8.5,7.6,3.2,36,081,066400,Queens,36081066400
"Census Tract 690, Queens County, New York",48.1,38.7,81105,9.8,11.6,2.3,36,081,069000,Queens,36081069000
"Census Tract 697.02, Queens County, New York",41.0,47.8,77729,6.6,7.9,3.4,36,081,069702,Queens,36081069702
"Census Tract 719, Queens County, New York",43.9,58.6,51658,15.5,3.4,0.7,36,081,071900,Queens,36081071900
"Census Tract 132.04, Richmond County, New York",43.3,29.2,86429,8.8,6.7,1.3,36,085,013204,Staten Island,36085013204
"Census Tract 138, Richmond County, New York",44.3,31.6,85592,1.8,7.2,1.4,36,085,013800,Staten Island,36085013800
"Census Tract 147, Richmond County, New York",32.7,21.7,82917,6.6,2.3,1.7,36,085,014700,Staten Island,36085014700
"Census Tract 197, Richmond County, New York",32.1,18.7,88333,4.4,6.6,2.0,36,085,019700,Staten Island,36085019700
"Census Tract 208.04, Richmond County, New York",44.5,24.2,88314,7.8,8.3,2.7,36,085,020804,Staten Island,36085020804
"Census Tract 239, Richmond County, New York",42.4,35.5,59786,22.7,6.5,0.0,36,085,023900,Staten Island,36085023900
"Census Tract 248, Richmond County, New York",41.0,23.3,76270,8.2,6.1,2.4,36,085,024800,Staten Island,36085024800
"Census Tract 21, Richmond County, New York",41.0,48.8,53386,25.1,5.0,6.9,36,085,002100,Staten Island,36085002100
"Census Tract 293, Kings County, New York",39.8,74.3,30479,28.3,20.1,3.5,36,047,029300,Brooklyn,36047029300
"Census Tract 1144, Kings County, New York",42.2,78.1,26429,43.9,11.3,1.0,36,047,114400,Brooklyn,36047114400
"Census Tract 1198, Kings County, New York",39.3,76.4,31225,38.8,15.1,0.0,36,047,119800,Brooklyn,36047119800
"Census Tract 1237, Kings County, New York",28.1,33.1,30035,58.9,4.7,3.2,36,047,123700,Brooklyn,36047123700
"Census Tract 1502, Kings County, New York",38.0,58.3,100813,6.3,5.9,5.8,36,047,150200,Brooklyn,36047150200
"Census Tract 9901, Kings County, New York",-666666666.0,-666666666.0,-666666666,-666666666.0,-666666666.0,-666666666.0,36,047,990100,Brooklyn,36047990100
"Census Tract 1522, Kings County, New York",37.7,56.6,81618,19.8,6.9,6.6,36,047,152200,Brooklyn,36047152200
"Census Tract 67, Richmond County, New York",39.9,35.5,94583,10.0,8.3,3.3,36,085,006700,Staten Island,36085006700
"Census Tract 128.05, Richmond County, New York",45.8,25.3,73878,5.6,6.6,3.6,36,085,012805,Staten Island,36085012805
"Census Tract 128.06, Richmond County, New York",44.0,28.5,70505,8.4,5.2,0.0,36,085,012806,Staten Island,36085012806
"Census Tract 146.07, Richmond County, New York",37.5,16.0,81883,9.6,8.2,2.0,36,085,014607,Staten Island,36085014607
"Census Tract 146.08, Richmond County, New York",44.5,29.4,91270,5.1,11.0,2.2,36,085,014608,Staten Island,36085014608
"Census Tract 170.11, Richmond County, New York",47.1,20.4,74819,7.0,7.0,1.2,36,085,017011,Staten Island,36085017011
"Census Tract 170.12, Richmond County, New York",51.4,29.0,71123,9.0,6.8,3.5,36,085,017012,Staten Island,36085017012
"Census Tract 181, Richmond County, New York",43.0,22.6,90909,14.0,1.6,3.6,36,085,018100,Staten Island,36085018100
"Census Tract 198, Richmond County, New York",39.0,23.5,90625,5.3,3.2,1.9,36,085,019800,Staten Island,36085019800
"Census Tract 228, Richmond County, New York",-999999999.0,0.0,-666666666,0.0,0.0,37.1,36,085,022800,Staten Island,36085022800
"Census Tract 403.04, Bronx County, New York",40.6,66.3,34643,34.4,17.5,5.4,36,005,040304,Bronx,36005040304
"Census Tract 405.01, Bronx County, New York",40.5,75.3,34009,26.6,12.9,3.0,36,005,040501,Bronx,36005040501
"Census Tract 405.02, Bronx County, New York",37.5,65.4,23583,37.2,20.9,1.9,36,005,040502,Bronx,36005040502
"Census Tract 434, Bronx County, New York",46.1,50.3,43722,14.7,12.7,1.7,36,005,043400,Bronx,36005043400
"Census Tract 444, Bronx County, New York",50.8,52.6,67727,17.0,10.3,4.5,36,005,044400,Bronx,36005044400
"Census Tract 456, Bronx County, New York",44.4,37.3,74254,7.4,5.5,3.4,36,005,045600,Bronx,36005045600
"Census Tract 109, New York County, New York",24.1,48.4,135750,16.7,4.3,5.7,36,061,010900,Manhattan,36061010900
"Census Tract 75, New York County, New York",25.7,46.4,113682,4.5,8.0,14.6,36,061,007500,Manhattan,36061007500
"Census Tract 83, New York County, New York",28.0,68.0,69303,18.5,11.3,6.4,36,061,008300,Manhattan,36061008300
"Census Tract 97, New York County, New York",29.2,39.9,43948,16.9,12.4,1.3,36,061,009700,Manhattan,36061009700
"Census Tract 106.01, New York County, New York",30.9,39.2,125488,5.5,6.5,12.0,36,061,010601,Manhattan,36061010601
"Census Tract 113, New York County, New York",17.9,44.4,82361,19.0,0.0,3.7,36,061,011300,Manhattan,36061011300
"Census Tract 121, New York County, New York",25.8,41.8,62301,9.9,7.1,7.5,36,061,012100,Manhattan,36061012100
"Census Tract 122, New York County, New York",23.1,17.3,156218,3.2,0.8,18.4,36,061,012200,Manhattan,36061012200
"Census Tract 126, New York County, New York",34.9,43.7,112614,2.7,2.3,9.8,36,061,012600,Manhattan,36061012600
"Census Tract 129, New York County, New York",28.5,48.2,111290,12.5,7.4,3.0,36,061,012900,Manhattan,36061012900
"Census Tract 137, New York County, New York",24.0,40.0,142982,8.4,4.5,13.3,36,061,013700,Manhattan,36061013700
"Census Tract 138, New York County, New York",31.3,63.6,118358,7.4,5.3,9.7,36,061,013800,Manhattan,36061013800
"Census Tract 152, New York County, New York",34.5,66.1,82308,13.1,3.1,13.4,36,061,015200,Manhattan,36061015200
"Census Tract 101, New York County, New York",23.6,41.1,159821,11.4,5.7,7.9,36,061,010100,Manhattan,36061010100
"Census Tract 127, New York County, New York",25.3,43.7,69578,12.5,6.6,7.8,36,061,012700,Manhattan,36061012700
"Census Tract 131, New York County, New York",27.5,44.4,85195,20.0,4.4,4.3,36,061,013100,Manhattan,36061013100
"Census Tract 133, New York County, New York",25.3,50.5,81974,14.5,7.9,3.3,36,061,013300,Manhattan,36061013300
"Census Tract 142, New York County, New York",24.1,27.8,235455,5.9,1.9,14.9,36,061,014200,Manhattan,36061014200
"Census Tract 149, New York County, New York",27.9,46.6,154972,5.1,4.3,7.6,36,061,014900,Manhattan,36061014900
"Census Tract 150.01, New York County, New York",29.2,57.3,151625,12.4,3.0,8.1,36,061,015001,Manhattan,36061015001
"Census Tract 150.02, New York County, New York",28.0,49.1,156500,3.5,2.6,16.9,36,061,015002,Manhattan,36061015002
"Census Tract 154, New York County, New York",37.9,67.1,80803,9.2,6.8,5.0,36,061,015400,Manhattan,36061015400
"Census Tract 163, New York County, New York",29.1,71.0,109971,8.6,4.3,8.9,36,061,016300,Manhattan,36061016300
"Census Tract 145, Queens County, New York",44.8,67.6,53958,16.5,14.0,4.7,36,081,014500,Queens,36081014500
"Census Tract 161, Queens County, New York",35.7,81.3,49737,19.6,14.2,1.5,36,081,016100,Queens,36081016100
"Census Tract 163, Queens County, New York",40.6,63.9,23717,26.4,15.0,6.3,36,081,016300,Queens,36081016300
"Census Tract 180, Queens County, New York",51.5,54.7,60417,21.7,13.7,1.1,36,081,018000,Queens,36081018000
"Census Tract 206, Queens County, New York",46.3,61.4,65648,9.1,15.6,1.8,36,081,020600,Queens,36081020600
"Census Tract 232, Queens County, New York",47.3,56.3,65238,16.1,9.4,2.0,36,081,023200,Queens,36081023200
"Census Tract 126.01, Queens County, New York",45.7,59.9,60481,18.5,14.1,4.6,36,081,012601,Queens,36081012601
"Census Tract 132, Queens County, New York",46.8,43.1,63646,17.8,7.2,3.5,36,081,013200,Queens,36081013200
"Census Tract 69, Queens County, New York",38.3,70.9,46558,12.1,12.7,3.6,36,081,006900,Queens,36081006900
"Census Tract 116, Kings County, New York",52.8,56.9,32267,31.7,7.0,0.0,36,047,011600,Brooklyn,36047011600
"Census Tract 117, Kings County, New York",37.4,76.6,72429,10.2,6.4,3.0,36,047,011700,Brooklyn,36047011700
"Census Tract 122, Kings County, New York",39.6,64.3,36250,38.5,13.8,0.5,36,047,012200,Brooklyn,36047012200
"Census Tract 129.01, Kings County, New York",35.8,77.1,82071,11.2,5.7,10.0,36,047,012901,Brooklyn,36047012901
"Census Tract 139, Kings County, New York",34.8,67.9,100787,10.7,7.8,5.1,36,047,013900,Brooklyn,36047013900
"Census Tract 145, Kings County, New York",36.3,64.6,64926,14.5,6.4,3.9,36,047,014500,Brooklyn,36047014500
"Census Tract 148, Kings County, New York",41.0,36.4,56500,11.6,9.0,5.8,36,047,014800,Brooklyn,36047014800
"Census Tract 162, Kings County, New York",40.4,54.4,71602,11.0,5.9,4.4,36,047,016200,Brooklyn,36047016200
"Census Tract 650, Kings County, New York",44.4,41.4,51339,12.0,5.4,3.8,36,047,065000,Brooklyn,36047065000
"Census Tract 588, Kings County, New York",42.5,48.1,61964,19.4,9.6,3.1,36,047,058800,Brooklyn,36047058800
"Census Tract 593, Kings County, New York",41.3,56.5,73021,12.7,9.4,7.4,36,047,059300,Brooklyn,36047059300
"Census Tract 640, Kings County, New York",41.2,43.4,97241,17.6,16.0,2.3,36,047,064000,Brooklyn,36047064000
"Census Tract 688, Kings County, New York",50.2,38.1,81750,2.2,10.7,0.0,36,047,068800,Brooklyn,36047068800
"Census Tract 752, Kings County, New York",30.4,22.1,111429,1.1,7.4,5.0,36,047,075200,Brooklyn,36047075200
"Census Tract 764, Kings County, New York",44.2,65.9,47364,17.6,11.0,5.7,36,047,076400,Brooklyn,36047076400
"Census Tract 774, Kings County, New York",41.9,64.8,49125,24.5,4.0,0.4,36,047,077400,Brooklyn,36047077400
"Census Tract 782, Kings County, New York",44.5,61.6,51975,15.1,5.5,1.5,36,047,078200,Brooklyn,36047078200
"Census Tract 790, Kings County, New York",48.5,75.7,47500,14.0,9.1,1.7,36,047,079000,Brooklyn,36047079000
"Census Tract 792, Kings County, New York",49.5,78.9,37295,32.7,16.6,4.0,36,047,079200,Brooklyn,36047079200
"Census Tract 794, Kings County, New York",45.7,73.8,45227,21.3,14.7,1.1,36,047,079400,Brooklyn,36047079400
"Census Tract 836, Kings County, New York",45.6,63.4,58068,8.7,10.7,0.6,36,047,083600,Brooklyn,36047083600
"Census Tract 858, Kings County, New York",44.8,61.7,52083,15.1,5.7,0.8,36,047,085800,Brooklyn,36047085800
"Census Tract 862, Kings County, New York",50.9,71.0,44018,14.9,12.2,3.2,36,047,086200,Brooklyn,36047086200
"Census Tract 880, Kings County, New York",41.0,59.3,51827,16.4,7.1,2.2,36,047,088000,Brooklyn,36047088000
"Census Tract 898, Kings County, New York",53.1,76.9,38988,26.4,17.8,0.0,36,047,089800,Brooklyn,36047089800
"Census Tract 918, Kings County, New York",47.6,67.3,27500,38.9,15.3,0.5,36,047,091800,Brooklyn,36047091800
"Census Tract 920, Kings County, New York",45.7,66.7,32292,33.5,12.5,4.0,36,047,092000,Brooklyn,36047092000
"Census Tract 938, Kings County, New York",39.9,57.8,34018,25.1,13.7,2.1,36,047,093800,Brooklyn,36047093800
"Census Tract 982, Kings County, New York",48.4,74.0,19720,42.6,14.3,0.0,36,047,098200,Brooklyn,36047098200
"Census Tract 944.01, Kings County, New York",50.7,60.7,66167,14.0,15.8,3.1,36,047,094401,Brooklyn,36047094401
"Census Tract 966, Kings County, New York",43.6,54.4,70625,10.8,4.9,0.0,36,047,096600,Brooklyn,36047096600
"Census Tract 1008, Kings County, New York",51.7,41.1,60446,24.0,12.7,1.9,36,047,100800,Brooklyn,36047100800
"Census Tract 1164, Kings County, New York",40.0,53.6,40357,29.1,13.2,0.8,36,047,116400,Brooklyn,36047116400
"Census Tract 1168, Kings County, New York",43.7,73.4,31983,38.3,3.7,0.1,36,047,116800,Brooklyn,36047116800
"Census Tract 1182.02, Kings County, New York",40.9,68.3,46048,27.5,6.8,4.1,36,047,118202,Brooklyn,36047118202
"Census Tract 1190, Kings County, New York",39.4,74.6,30565,44.7,13.1,3.9,36,047,119000,Brooklyn,36047119000
"Census Tract 1196, Kings County, New York",40.4,63.5,32115,24.1,7.2,3.5,36,047,119600,Brooklyn,36047119600
"Census Tract 89, New York County, New York",27.6,52.9,89315,12.3,3.2,9.8,36,061,008900,Manhattan,36061008900
"Census Tract 99, New York County, New York",26.0,42.5,128906,7.4,5.8,4.1,36,061,009900,Manhattan,36061009900
"Census Tract 6, New York County, New York",30.3,37.0,19863,44.7,8.7,2.9,36,061,000600,Manhattan,36061000600
"Census Tract 8, New York County, New York",33.2,43.1,27137,28.9,10.3,2.4,36,061,000800,Manhattan,36061000800
"Census Tract 24, New York County, New York",34.8,55.7,22676,38.2,10.5,4.7,36,061,002400,Manhattan,36061002400
"Census Tract 25, New York County, New York",40.6,59.6,16527,47.6,17.8,0.0,36,061,002500,Manhattan,36061002500
"Census Tract 29, New York County, New York",29.4,45.5,30629,20.6,3.3,2.1,36,061,002900,Manhattan,36061002900
"Census Tract 54, New York County, New York",23.2,57.2,132813,4.7,1.2,8.6,36,061,005400,Manhattan,36061005400
"Census Tract 71, New York County, New York",27.0,60.4,125028,8.2,4.3,7.8,36,061,007100,Manhattan,36061007100
"Census Tract 79, New York County, New York",24.7,49.4,83922,8.8,4.7,11.6,36,061,007900,Manhattan,36061007900
"Census Tract 94, New York County, New York",-999999999.0,0.0,-888888888,0.0,0.0,0.0,36,061,009400,Manhattan,36061009400
"Census Tract 108, New York County, New York",26.9,44.1,127109,3.8,4.0,9.6,36,061,010800,Manhattan,36061010800
"Census Tract 110, New York County, New York",24.9,49.6,103797,5.4,6.7,4.8,36,061,011000,Manhattan,36061011000
"Census Tract 412, Kings County, New York",38.5,56.8,41944,15.0,6.8,7.8,36,047,041200,Brooklyn,36047041200
"Census Tract 413, Kings County, New York",42.3,68.8,38955,18.4,8.9,3.3,36,047,041300,Brooklyn,36047041300
"Census Tract 414.02, Kings County, New York",46.3,44.2,28884,23.3,10.9,3.4,36,047,041402,Brooklyn,36047041402
"Census Tract 417, Kings County, New York",40.3,74.6,22022,27.4,13.6,3.3,36,047,041700,Brooklyn,36047041700
"Census Tract 422, Kings County, New York",40.3,53.6,68382,17.2,8.7,2.1,36,047,042200,Brooklyn,36047042200
"Census Tract 427, Kings County, New York",36.3,69.9,47055,39.6,12.6,3.4,36,047,042700,Brooklyn,36047042700
"Census Tract 436, Kings County, New York",49.5,66.4,60227,17.6,9.7,1.0,36,047,043600,Brooklyn,36047043600
"Census Tract 112.01, New York County, New York",20.2,29.1,138250,7.4,2.1,14.2,36,061,011201,Manhattan,36061011201
"Census Tract 116, New York County, New York",25.7,44.0,72152,5.4,5.0,6.9,36,061,011600,Manhattan,36061011600
"Census Tract 124, New York County, New York",28.2,45.8,117225,7.1,1.9,3.7,36,061,012400,Manhattan,36061012400
"Census Tract 115, New York County, New York",30.2,45.0,86741,18.8,7.7,6.1,36,061,011500,Manhattan,36061011500
"Census Tract 117, New York County, New York",26.8,53.2,107125,12.4,6.3,2.5,36,061,011700,Manhattan,36061011700
"Census Tract 130, New York County, New York",21.2,19.1,244375,7.1,4.2,12.3,36,061,013000,Manhattan,36061013000
"Census Tract 135, New York County, New York",28.0,41.0,62290,18.6,5.7,3.7,36,061,013500,Manhattan,36061013500
"Census Tract 144.01, New York County, New York",33.6,52.6,101750,4.1,5.0,11.8,36,061,014401,Manhattan,36061014401
"Census Tract 146.02, New York County, New York",30.7,70.2,97632,4.4,3.6,8.7,36,061,014602,Manhattan,36061014602
"Census Tract 148.02, New York County, New York",31.1,66.8,109493,5.1,1.4,10.3,36,061,014802,Manhattan,36061014802
"Census Tract 158.02, New York County, New York",28.7,67.5,100642,5.7,4.6,2.5,36,061,015802,Manhattan,36061015802
"Census Tract 160.02, New York County, New York",24.1,46.6,87167,11.0,5.0,11.4,36,061,016002,Manhattan,36061016002
"Census Tract 96, New York County, New York",25.7,26.7,135313,8.1,4.1,7.8,36,061,009600,Manhattan,36061009600
"Census Tract 100, New York County, New York",24.9,42.3,112098,8.5,3.6,3.8,36,061,010000,Manhattan,36061010000
"Census Tract 102, New York County, New York",15.2,26.5,-888888888,8.1,0.0,27.8,36,061,010200,Manhattan,36061010200
"Census Tract 106.02, New York County, New York",23.9,25.5,120053,4.6,2.5,5.6,36,061,010602,Manhattan,36061010602
"Census Tract 114.01, New York County, New York",20.7,37.0,197500,3.2,0.6,8.5,36,061,011401,Manhattan,36061011401
"Census Tract 128, New York County, New York",26.0,40.5,175259,4.5,5.9,10.5,36,061,012800,Manhattan,36061012800
"Census Tract 153, New York County, New York",25.4,53.0,140083,4.0,6.1,6.6,36,061,015300,Manhattan,36061015300
"Census Tract 170, New York County, New York",36.9,82.4,30711,30.1,12.8,0.8,36,061,017000,Manhattan,36061017000
"Census Tract 7, Richmond County, New York",47.8,55.6,43855,35.4,5.9,1.4,36,085,000700,Staten Island,36085000700
"Census Tract 3, Richmond County, New York",46.9,50.3,59688,18.4,11.7,1.7,36,085,000300,Staten Island,36085000300
"Census Tract 9, Richmond County, New York",49.6,65.1,52500,17.8,11.0,4.0,36,085,000900,Staten Island,36085000900
"Census Tract 27, Richmond County, New York",40.5,46.9,26611,36.9,9.6,5.9,36,085,002700,Staten Island,36085002700
"Census Tract 29, Richmond County, New York",36.4,46.7,30096,32.1,8.3,1.4,36,085,002900,Staten Island,36085002900
"Census Tract 769.02, Queens County, New York",46.6,82.0,85452,6.5,4.5,2.1,36,081,076902,Queens,36081076902
"Census Tract 790, Queens County, New York",54.0,48.5,54234,21.5,10.9,0.0,36,081,079000,Queens,36081079000
"Census Tract 818, Queens County, New York",50.8,50.6,54265,25.6,12.2,5.0,36,081,081800,Queens,36081081800
"Census Tract 838, Queens County, New York",48.4,41.9,66067,11.3,9.0,3.4,36,081,083800,Queens,36081083800
"Census Tract 840, Queens County, New York",49.0,43.3,57484,8.5,10.7,2.0,36,081,084000,Queens,36081084000
"Census Tract 918, Queens County, New York",-999999999.0,0.0,-666666666,0.0,0.0,0.0,36,081,091800,Queens,36081091800
"Census Tract 925, Queens County, New York",43.4,44.9,48016,20.1,7.4,5.2,36,081,092500,Queens,36081092500
"Census Tract 87, Queens County, New York",43.5,66.3,21767,39.2,21.4,3.2,36,081,008700,Queens,36081008700
"Census Tract 94, Queens County, New York",48.0,60.9,51458,16.6,11.3,2.6,36,081,009400,Queens,36081009400
"Census Tract 99, Queens County, New York",-666666666.0,-666666666.0,-666666666,-666666666.0,-666666666.0,-666666666.0,36,081,009900,Queens,36081009900
"Census Tract 101, Queens County, New York",35.3,60.3,61293,10.5,7.7,2.6,36,081,010100,Queens,36081010100
"Census Tract 295, Queens County, New York",38.8,72.6,69539,8.6,5.7,4.0,36,081,029500,Queens,36081029500
"Census Tract 580, Queens County, New York",51.8,42.5,76227,6.9,15.0,0.0,36,081,058000,Queens,36081058000
"Census Tract 548, Queens County, New York",46.1,38.8,72750,5.2,8.1,2.2,36,081,054800,Queens,36081054800
"Census Tract 846.01, Queens County, New York",49.4,35.6,63971,8.7,12.3,0.4,36,081,084601,Queens,36081084601
"Census Tract 929, Queens County, New York",41.3,32.6,55000,9.7,8.6,3.0,36,081,092900,Queens,36081092900
"Census Tract 938, Queens County, New York",58.5,56.7,61742,8.7,14.6,2.3,36,081,093800,Queens,36081093800
"Census Tract 855, Queens County, New York",41.0,55.0,44422,19.8,5.0,1.9,36,081,085500,Queens,36081085500
"Census Tract 174, Queens County, New York",46.7,39.9,61761,18.1,10.8,0.3,36,081,017400,Queens,36081017400
"Census Tract 837, Queens County, New York",42.5,41.7,50947,16.0,9.1,0.6,36,081,083700,Queens,36081083700
"Census Tract 857, Queens County, New York",44.1,56.0,36236,28.7,7.5,0.9,36,081,085700,Queens,36081085700
"Census Tract 863, Queens County, New York",40.4,50.9,32721,23.3,8.2,0.2,36,081,086300,Queens,36081086300
"Census Tract 871, Queens County, New York",42.8,64.2,31364,36.1,9.6,0.0,36,081,087100,Queens,36081087100
"Census Tract 916.01, Queens County, New York",42.4,14.8,93333,3.5,4.5,1.2,36,081,091601,Queens,36081091601
"Census Tract 942.01, Queens County, New York",52.7,45.8,52965,12.8,10.3,4.4,36,081,094201,Queens,36081094201
"Census Tract 1033, Queens County, New York",36.4,25.0,71917,9.8,3.7,4.0,36,081,103300,Queens,36081103300
"Census Tract 102, Queens County, New York",49.3,50.5,52639,10.3,16.8,2.0,36,081,010200,Queens,36081010200
"Census Tract 113, Queens County, New York",35.8,68.9,60404,9.5,9.3,4.6,36,081,011300,Queens,36081011300
"Census Tract 114, Queens County, New York",48.7,69.2,38750,24.8,10.2,1.2,36,081,011400,Queens,36081011400
"Census Tract 126.02, Queens County, New York",48.5,58.7,58594,13.7,9.3,1.9,36,081,012602,Queens,36081012602
"Census Tract 128, Queens County, New York",47.3,49.0,63148,15.2,8.0,1.9,36,081,012800,Queens,36081012800
"Census Tract 130, Queens County, New York",46.2,51.9,67054,6.0,5.8,1.3,36,081,013000,Queens,36081013000
"Census Tract 144, Queens County, New York",42.9,47.6,55341,17.8,9.1,0.5,36,081,014400,Queens,36081014400
"Census Tract 148, Queens County, New York",47.9,54.1,57902,21.0,14.2,2.1,36,081,014800,Queens,36081014800
"Census Tract 176, Queens County, New York",46.3,41.1,53125,10.2,11.0,2.7,36,081,017600,Queens,36081017600
"Census Tract 179, Queens County, New York",37.0,67.9,41544,11.7,7.9,3.9,36,081,017900,Queens,36081017900
"Census Tract 184.02, Queens County, New York",53.9,45.6,54063,24.1,12.2,4.1,36,081,018402,Queens,36081018402
"Census Tract 196, Queens County, New York",51.2,56.8,61944,14.7,18.2,4.9,36,081,019600,Queens,36081019600
"Census Tract 229, Queens County, New York",-666666666.0,-666666666.0,-666666666,-666666666.0,-666666666.0,-666666666.0,36,081,022900,Queens,36081022900
"Census Tract 230, Queens County, New York",38.4,40.2,108289,8.0,13.2,0.9,36,081,023000,Queens,36081023000
"Census Tract 1029, Queens County, New York",27.3,19.7,66574,6.0,11.1,0.8,36,081,102900,Queens,36081102900
"Census Tract 997.01, Queens County, New York",39.0,23.0,75852,6.3,12.1,4.2,36,081,099701,Queens,36081099701
"Census Tract 1191, Queens County, New York",34.6,32.1,56313,12.7,7.2,1.2,36,081,119100,Queens,36081119100
"Census Tract 52, New York County, New York",21.0,48.4,168375,11.9,5.6,13.5,36,061,005200,Manhattan,36061005200
"Census Tract 55.01, New York County, New York",23.0,30.3,134417,4.8,3.6,2.6,36,061,005501,Manhattan,36061005501
"Census Tract 60, New York County, New York",30.7,47.2,106310,11.0,5.7,5.2,36,061,006000,Manhattan,36061006000
"Census Tract 61, New York County, New York",23.4,48.2,108973,5.0,4.0,12.4,36,061,006100,Manhattan,36061006100
"Census Tract 72, New York County, New York",25.0,52.4,104272,9.2,6.7,6.8,36,061,007200,Manhattan,36061007200
"Census Tract 74, New York County, New York",20.8,37.0,128618,12.2,5.7,4.9,36,061,007400,Manhattan,36061007400
"Census Tract 2.01, New York County, New York",33.0,45.4,20521,48.6,2.6,1.7,36,061,000201,Manhattan,36061000201
"Census Tract 277, New York County, New York",44.2,73.0,28449,38.6,10.0,5.1,36,061,027700,Manhattan,36061027700
"Census Tract 319, New York County, New York",-666666666.0,-666666666.0,-666666666,-666666666.0,-666666666.0,-666666666.0,36,061,031900,Manhattan,36061031900
"Census Tract 111, New York County, New York",31.1,53.1,105750,16.1,4.2,4.6,36,061,011100,Manhattan,36061011100
"Census Tract 114.02, New York County, New York",23.4,39.1,151131,4.0,5.7,9.1,36,061,011402,Manhattan,36061011402
"Census Tract 140, New York County, New York",26.8,61.2,137700,6.9,5.5,8.9,36,061,014000,Manhattan,36061014000
"Census Tract 151, New York County, New York",32.4,61.2,67125,21.9,6.2,4.6,36,061,015100,Manhattan,36061015100
"Census Tract 156.02, New York County, New York",32.6,82.2,50455,21.7,10.1,3.4,36,061,015602,Manhattan,36061015602
"Census Tract 168, New York County, New York",35.2,69.9,26136,37.5,15.1,0.6,36,061,016800,Manhattan,36061016800
"Census Tract 173, New York County, New York",35.4,73.6,113750,3.9,3.2,9.1,36,061,017300,Manhattan,36061017300
"Census Tract 175, New York County, New York",27.2,71.3,137344,3.5,4.2,8.8,36,061,017500,Manhattan,36061017500
"Census Tract 5, New York County, New York",-666666666.0,-666666666.0,-666666666,-666666666.0,-666666666.0,-666666666.0,36,061,000500,Manhattan,36061000500
"Census Tract 233.01, Bronx County, New York",38.7,62.8,26250,36.6,13.2,4.0,36,005,023301,Bronx,36005023301
"Census Tract 62, Kings County, New York",41.7,66.1,47050,17.7,12.6,6.7,36,047,006200,Brooklyn,36047006200
"Census Tract 65, Kings County, New York",36.7,74.9,109492,6.0,5.3,3.8,36,047,006500,Brooklyn,36047006500
"Census Tract 11, Kings County, New York",29.5,71.1,107946,8.8,4.0,7.4,36,047,001100,Brooklyn,36047001100
"Census Tract 35, Kings County, New York",36.6,69.3,61525,6.6,10.3,6.5,36,047,003500,Brooklyn,36047003500
"Census Tract 243, Kings County, New York",40.9,75.6,54505,15.8,7.5,4.7,36,047,024300,Brooklyn,36047024300
"Census Tract 259.02, Kings County, New York",47.3,75.9,16140,68.9,48.2,3.6,36,047,025902,Brooklyn,36047025902
"Census Tract 270, Kings County, New York",50.1,52.9,50490,15.5,8.2,4.4,36,047,027000,Brooklyn,36047027000
"Census Tract 273, Kings County, New York",38.5,63.5,34297,29.0,9.6,1.5,36,047,027300,Brooklyn,36047027300
"Census Tract 274, Kings County, New York",51.0,68.2,42266,14.6,6.2,0.6,36,047,027400,Brooklyn,36047027400
"Census Tract 275, Kings County, New York",42.3,59.6,55990,25.1,16.6,10.3,36,047,027500,Brooklyn,36047027500
"Census Tract 287, Kings County, New York",38.9,57.6,30755,25.5,12.1,7.0,36,047,028700,Brooklyn,36047028700
"Census Tract 1024, Kings County, New York",50.8,53.4,74009,3.6,14.8,0.0,36,047,102400,Brooklyn,36047102400
"Census Tract 988, Kings County, New York",41.8,48.7,59348,16.4,9.5,1.4,36,047,098800,Brooklyn,36047098800
"Census Tract 992, Kings County, New York",51.2,60.0,66964,20.6,9.7,5.0,36,047,099200,Brooklyn,36047099200
"Census Tract 1010, Kings County, New York",55.0,58.9,59840,11.6,12.5,1.5,36,047,101000,Brooklyn,36047101000
"Census Tract 1124, Kings County, New York",54.2,52.9,40707,34.8,6.4,13.3,36,047,112400,Brooklyn,36047112400
"Census Tract 1128, Kings County, New York",42.3,65.8,34028,35.4,14.2,4.2,36,047,112800,Brooklyn,36047112800
"Census Tract 235, Kings County, New York",35.4,55.3,45406,48.4,6.6,6.4,36,047,023500,Brooklyn,36047023500
"Census Tract 240, Kings County, New York",25.5,22.6,26823,44.8,10.7,8.6,36,047,024000,Brooklyn,36047024000
"Census Tract 241, Kings County, New York",35.9,52.7,60815,23.4,5.8,7.7,36,047,024100,Brooklyn,36047024100
"Census Tract 250, Kings County, New York",52.1,60.2,46190,18.5,9.7,0.7,36,047,025000,Brooklyn,36047025000
"Census Tract 254, Kings County, New York",43.7,53.8,48261,17.3,10.5,1.7,36,047,025400,Brooklyn,36047025400
"Census Tract 258, Kings County, New York",38.6,57.5,37917,27.4,11.5,3.6,36,047,025800,Brooklyn,36047025800
"Census Tract 259.01, Kings County, New York",39.4,69.8,41289,27.1,15.7,3.0,36,047,025901,Brooklyn,36047025901
"Census Tract 260, Kings County, New York",43.2,70.4,50123,18.3,10.6,1.9,36,047,026000,Brooklyn,36047026000
"Census Tract 538, Kings County, New York",37.3,36.8,27192,29.3,8.9,5.5,36,047,053800,Brooklyn,36047053800
"Census Tract 525, Kings County, New York",27.5,51.0,20993,40.4,3.8,6.2,36,047,052500,Brooklyn,36047052500
"Census Tract 163, Bronx County, New York",-666666666.0,-666666666.0,-666666666,-666666666.0,-666666666.0,-666666666.0,36,005,016300,Bronx,36005016300
"Census Tract 169, Bronx County, New York",40.4,61.0,27697,39.4,25.2,0.0,36,005,016900,Bronx,36005016900
"Census Tract 173, Bronx County, New York",44.1,75.8,18720,36.7,17.5,2.4,36,005,017300,Bronx,36005017300
"Census Tract 246, Bronx County, New York",38.9,41.7,63516,5.8,8.9,2.0,36,005,024600,Bronx,36005024600
"Census Tract 249, Bronx County, New York",-666666666.0,-666666666.0,-666666666,-666666666.0,-666666666.0,-666666666.0,36,005,024900,Bronx,36005024900
"Census Tract 250, Bronx County, New York",36.0,37.9,54726,11.8,9.0,4.3,36,005,025000,Bronx,36005025000
"Census Tract 252, Bronx County, New York",36.2,41.2,60625,23.8,10.8,0.4,36,005,025200,Bronx,36005025200
"Census Tract 257, Bronx County, New York",41.0,74.3,28203,28.0,18.0,0.0,36,005,025700,Bronx,36005025700
"Census Tract 192, New York County, New York",33.7,77.2,16206,56.6,18.8,2.9,36,061,019200,Manhattan,36061019200
"Census Tract 195, New York County, New York",37.2,76.0,117045,12.3,6.6,7.5,36,061,019500,Manhattan,36061019500
"Census Tract 199, New York County, New York",28.0,53.5,76902,19.2,6.4,4.5,36,061,019900,Manhattan,36061019900
"Census Tract 205, New York County, New York",24.2,36.0,111875,3.9,5.1,14.0,36,061,020500,Manhattan,36061020500
"Census Tract 230, New York County, New York",38.5,70.6,35569,27.7,13.9,6.0,36,061,023000,Manhattan,36061023000
"Census Tract 235.01, New York County, New York",39.3,72.9,34846,41.3,14.0,5.0,36,061,023501,Manhattan,36061023501
"Census Tract 236, New York County, New York",35.9,77.5,36540,18.5,23.8,0.0,36,061,023600,Manhattan,36061023600
"Census Tract 169, New York County, New York",30.4,73.9,107401,7.5,3.3,7.9,36,061,016900,Manhattan,36061016900
"Census Tract 171, New York County, New York",30.6,77.7,115331,8.4,3.9,7.0,36,061,017100,Manhattan,36061017100
"Census Tract 179, New York County, New York",32.5,71.3,75997,10.8,5.3,10.8,36,061,017900,Manhattan,36061017900
"Census Tract 182, New York County, New York",33.3,82.7,23451,43.0,9.6,2.9,36,061,018200,Manhattan,36061018200
"Census Tract 183, New York County, New York",30.9,67.4,100956,6.4,3.9,7.7,36,061,018300,Manhattan,36061018300
"Census Tract 624, Queens County, New York",-666666666.0,-666666666.0,-666666666,-666666666.0,-666666666.0,-666666666.0,36,081,062400,Queens,36081062400
"Census Tract 2, Queens County, New York",41.3,54.6,64242,14.2,8.2,3.6,36,081,000200,Queens,36081000200
"Census Tract 18, Queens County, New York",48.8,63.5,62895,19.1,9.8,1.1,36,081,001800,Queens,36081001800
"Census Tract 295, Kings County, New York",40.3,70.0,54276,23.6,6.0,5.6,36,047,029500,Brooklyn,36047029500
"Census Tract 307, Kings County, New York",43.2,66.6,24706,37.3,13.2,2.1,36,047,030700,Brooklyn,36047030700
"Census Tract 309, Kings County, New York",43.6,71.2,29375,40.6,11.4,1.4,36,047,030900,Brooklyn,36047030900
"Census Tract 317.02, Kings County, New York",42.8,76.5,53111,19.3,11.9,4.3,36,047,031702,Brooklyn,36047031702
"Census Tract 327, Kings County, New York",43.7,66.7,47153,20.6,11.5,2.0,36,047,032700,Brooklyn,36047032700
"Census Tract 336, Kings County, New York",46.3,36.2,62649,11.0,11.0,5.6,36,047,033600,Brooklyn,36047033600
"Census Tract 340, Kings County, New York",49.8,68.8,17574,41.0,17.7,0.0,36,047,034000,Brooklyn,36047034000
"Census Tract 168, Queens County, New York",47.4,51.3,66011,6.9,6.5,0.7,36,081,016800,Queens,36081016800
"Census Tract 169, Queens County, New York",38.2,59.9,55245,8.0,6.6,3.7,36,081,016900,Queens,36081016900
"Census Tract 171, Queens County, New York",-666666666.0,-666666666.0,-666666666,-666666666.0,-666666666.0,-666666666.0,36,081,017100,Queens,36081017100
"Census Tract 184.01, Queens County, New York",53.4,58.4,59493,8.8,7.6,0.0,36,081,018401,Queens,36081018401
"Census Tract 1202, Kings County, New York",40.2,58.1,47206,27.0,5.1,0.6,36,047,120200,Brooklyn,36047120200
"Census Tract 397, Kings County, New York",44.8,71.2,38266,32.7,19.6,6.4,36,047,039700,Brooklyn,36047039700
"Census Tract 398, Kings County, New York",42.9,63.9,52721,17.6,11.1,3.9,36,047,039800,Brooklyn,36047039800
"Census Tract 405, Kings County, New York",47.0,82.1,40815,28.4,17.0,0.2,36,047,040500,Brooklyn,36047040500
"Census Tract 407, Kings County, New York",-666666666.0,-666666666.0,-666666666,-666666666.0,-666666666.0,-666666666.0,36,047,040700,Brooklyn,36047040700
"Census Tract 410, Kings County, New York",38.7,47.4,43750,19.3,18.4,3.0,36,047,041000,Brooklyn,36047041000
"Census Tract 426, Kings County, New York",47.3,61.9,47788,17.6,8.9,0.0,36,047,042600,Brooklyn,36047042600
"Census Tract 269, New York County, New York",42.1,67.2,32585,22.3,10.4,0.0,36,061,026900,Manhattan,36061026900
"Census Tract 281, New York County, New York",40.7,68.6,107727,5.2,6.1,9.2,36,061,028100,Manhattan,36061028100
"Census Tract 377, Kings County, New York",43.3,66.2,40272,25.7,11.4,6.2,36,047,037700,Brooklyn,36047037700
"Census Tract 396, Kings County, New York",45.7,43.1,46926,13.1,7.5,2.1,36,047,039600,Brooklyn,36047039600
"Census Tract 408, Kings County, New York",43.1,53.5,59056,24.4,11.7,2.8,36,047,040800,Brooklyn,36047040800
"Census Tract 192, Kings County, New York",41.9,49.4,38561,26.8,3.8,1.1,36,047,019200,Brooklyn,36047019200
"Census Tract 194, Kings County, New York",46.6,62.7,46071,16.8,5.5,0.4,36,047,019400,Brooklyn,36047019400
"Census Tract 204, Kings County, New York",41.8,42.5,65598,11.2,11.2,0.7,36,047,020400,Brooklyn,36047020400
"Census Tract 207, Kings County, New York",37.5,61.5,97353,5.0,5.3,5.2,36,047,020700,Brooklyn,36047020700
"Census Tract 650, Queens County, New York",43.9,33.5,79632,3.7,13.6,4.7,36,081,065000,Queens,36081065000
"Census Tract 711, Queens County, New York",40.6,54.7,59632,16.0,3.8,4.6,36,081,071100,Queens,36081071100
"Census Tract 769.01, Queens County, New York",44.1,75.0,76538,3.4,3.9,0.9,36,081,076901,Queens,36081076901
"Census Tract 779.05, Queens County, New York",49.7,53.0,62772,7.5,5.5,3.5,36,081,077905,Queens,36081077905
"Census Tract 803.02, Queens County, New York",45.2,34.0,62813,4.3,8.5,1.4,36,081,080302,Queens,36081080302
"Census Tract 845, Queens County, New York",39.6,34.8,24335,22.3,4.0,1.1,36,081,084500,Queens,36081084500
"Census Tract 463, Queens County, New York",42.9,69.3,42720,24.9,7.2,0.0,36,081,046300,Queens,36081046300
"Census Tract 465, Queens County, New York",43.3,75.2,42344,19.3,4.4,1.1,36,081,046500,Queens,36081046500
"Census Tract 737, Queens County, New York",38.6,55.1,72222,5.4,2.4,4.1,36,081,073700,Queens,36081073700
"Census Tract 779.02, Queens County, New York",37.9,31.5,83629,9.6,5.7,10.1,36,081,077902,Queens,36081077902
"Census Tract 187, Queens County, New York",43.0,68.6,55987,6.8,3.8,1.1,36,081,018700,Queens,36081018700
"Census Tract 214, Queens County, New York",45.6,71.1,51648,28.7,15.5,3.6,36,081,021400,Queens,36081021400
"Census Tract 583, Queens County, New York",38.9,66.8,54688,9.3,3.7,7.5,36,081,058300,Queens,36081058300
"Census Tract 466, Queens County, New York",41.5,59.2,52477,30.8,7.4,0.9,36,081,046600,Queens,36081046600
"Census Tract 502.02, Queens County, New York",54.1,45.4,61618,6.9,19.5,1.0,36,081,050202,Queens,36081050202
"Census Tract 560, Queens County, New York",44.4,31.3,60536,16.0,2.2,0.7,36,081,056000,Queens,36081056000
"Census Tract 6, Queens County, New York",48.0,64.9,56694,14.7,13.9,2.6,36,081,000600,Queens,36081000600
"Census Tract 142.01, Queens County, New York",40.6,56.7,56780,18.1,15.7,1.9,36,081,014201,Queens,36081014201
"Census Tract 1193, Queens County, New York",44.7,50.7,47578,16.7,12.0,0.5,36,081,119300,Queens,36081119300
"Census Tract 1291.02, Queens County, New York",44.5,29.9,95875,7.3,8.2,3.0,36,081,129102,Queens,36081129102
"Census Tract 1403, Queens County, New York",39.8,24.2,76200,6.7,6.1,3.4,36,081,140300,Queens,36081140300
